{
  "method": "rnd_classic",
  "seed": 1,
  "run_dir": "/workspace/RND_FINAL_REPORT_EXPORT/rnd_multiseed/rnd_classic/seed_1",
  "advmean_last": -0.0015636641,
  "advmean_max": 0.63102794,
  "advmean_mean": 0.0013689613890742855,
  "advstd_last": 0.022940816,
  "advstd_max": 0.2638724,
  "advstd_mean": 0.036511461114285715,
  "best_ret_last": 0.0,
  "best_ret_max": 0.0,
  "best_ret_mean": 0.0,
  "epcount_last": 1902.0,
  "epcount_max": 1902.0,
  "epcount_mean": 974.7485714285714,
  "eprew_last": 0.0,
  "eprew_max": 0.0,
  "eprew_mean": 0.0,
  "ev_ext_last": -1.0,
  "ev_ext_max": 0.7097663879394531,
  "ev_ext_mean": -0.7926984415735517,
  "ev_int_last": 0.6133552491664886,
  "ev_int_max": 0.662794828414917,
  "ev_int_mean": 0.41448768224034993,
  "mem_available_last": 839225999360.0,
  "mem_available_max": 911653859328.0,
  "mem_available_mean": 826998320637.0743,
  "n_rooms_last": 1.0,
  "n_rooms_max": 1.0,
  "n_rooms_mean": 0.9942857142857143,
  "n_updates_last": 175.0,
  "n_updates_max": 175.0,
  "n_updates_mean": 88.0,
  "opt_approxkl_last": 0.0024318777,
  "opt_approxkl_max": 0.0041236333,
  "opt_approxkl_mean": 0.0013362616597714287,
  "opt_auxloss_last": 0.045756977,
  "opt_auxloss_max": 0.53950423,
  "opt_auxloss_mean": 0.08826164933714285,
  "opt_clipfrac_last": 0.15136719,
  "opt_clipfrac_max": 0.30664062,
  "opt_clipfrac_mean": 0.05194754475142857,
  "opt_ent_last": 2.7363114,
  "opt_ent_max": 2.8876686,
  "opt_ent_mean": 2.807529501714286,
  "opt_featvar_last": 0.47829318,
  "opt_featvar_max": 0.4952985,
  "opt_featvar_mean": 0.43992289377142857,
  "opt_gradnorm_last": 0.071328185,
  "opt_gradnorm_max": 3.6215665,
  "opt_gradnorm_mean": 0.2163566531657143,
  "opt_maxfeat_last": 4.1042256,
  "opt_maxfeat_max": 4.7879667,
  "opt_maxfeat_mean": 4.341372852571429,
  "opt_maxkl_last": 0.016562637,
  "opt_maxkl_max": 0.02703363,
  "opt_maxkl_mean": 0.007168832588000001,
  "opt_pg_last": 0.0027257106,
  "opt_pg_max": 0.05761338,
  "opt_pg_mean": -0.001688124379485714,
  "opt_tot_last": 0.045944475,
  "opt_tot_max": 0.24498779,
  "opt_tot_mean": 0.08542860940571427,
  "opt_vf_last": 0.00019809949,
  "opt_vf_max": 0.11939404,
  "opt_vf_mean": 0.0016626141424571428,
  "reset_counter_last": 0.0,
  "reset_counter_max": 0.0,
  "reset_counter_mean": 0.0,
  "retextmean_last": 0.00023709355,
  "retextmean_max": 0.0023859728,
  "retextmean_mean": -0.00012066190281599998,
  "retextstd_last": 9.219156e-05,
  "retextstd_max": 0.00040332312,
  "retextstd_mean": 0.00012934500108,
  "retintmean_last": 0.50876313,
  "retintmean_max": 1.8913413,
  "retintmean_mean": 0.742752319142857,
  "retintstd_last": 0.036813565,
  "retintstd_max": 0.26383963,
  "retintstd_mean": 0.04633427974285714,
  "rewintmax_norm_last": 0.019468369,
  "rewintmax_norm_max": 0.10741332,
  "rewintmax_norm_mean": 0.029026698540000007,
  "rewintmax_unnorm_last": 0.17962003,
  "rewintmax_unnorm_max": 2.4318514,
  "rewintmax_unnorm_mean": 0.35677211834285716,
  "rewintmean_norm_last": 0.0050069895,
  "rewintmean_norm_max": 0.04356493,
  "rewintmean_norm_mean": 0.0074964694702857135,
  "rewintmean_unnorm_last": 0.046195738,
  "rewintmean_unnorm_max": 0.9863156,
  "rewintmean_unnorm_mean": 0.09572973838857142,
  "rewintstd_unnorm_last": 0.025035948,
  "rewintstd_unnorm_max": 0.46515027,
  "rewintstd_unnorm_mean": 0.050572661708571436,
  "tcount_last": 708521.0,
  "tcount_max": 708521.0,
  "tcount_mean": 353598.8114285714,
  "time_elapsed_last": 24940.431436777115,
  "time_elapsed_max": 24940.431436777115,
  "time_elapsed_mean": 12593.800939347404,
  "tps_last": 27.4542820622768,
  "tps_max": 41.24369970441966,
  "tps_mean": 28.990276241853664,
  "vpredextmean_last": 0.0002871267,
  "vpredextmean_max": 0.0029584458,
  "vpredextmean_mean": -0.00014444343669542853,
  "vpredextstd_last": 0.00019711208,
  "vpredextstd_max": 0.0005976201,
  "vpredextstd_mean": 0.00019027904598285716,
  "vpredintmean_last": 0.5102267,
  "vpredintmean_max": 1.893188,
  "vpredintmean_mean": 0.7414309215005372,
  "vpredintstd_last": 0.029831046,
  "vpredintstd_max": 0.03530616,
  "vpredintstd_mean": 0.023171517517485713,
  "wait_step_last": 149.2289354801178,
  "wait_step_max": 164.77545356750488,
  "wait_step_mean": 141.84902785437447,
  "wait_update_last": 124.64968037605286,
  "wait_update_max": 139.9716329574585,
  "wait_update_mean": 119.99958260263716,
  "eplen_last": 473.49,
  "eplen_max": 473.49,
  "eplen_mean": 372.34443355896934,
  "eprooms_last": 1.0,
  "eprooms_max": 1.0,
  "eprooms_mean": 1.0,
  "rewtotal_last": 0.0,
  "rewtotal_max": 0.0,
  "rewtotal_mean": 0.0,
  "best_return": 0.0,
  "n_rooms": 1.0,
  "time_elapsed": 24940.431436777115,
  "updates": 175.0,
  "eprew": 0.0,
  "retextmean": 0.00023709355,
  "retintmean": 0.50876313,
  "opt_auxloss": 0.045756977,
  "best_return_log": 0.0,
  "n_rooms_log": 1.0,
  "eprew_log": 0.0
}