{
  "method": "rnd_decay",
  "seed": 3,
  "run_dir": "/workspace/RND_FINAL_REPORT_EXPORT/rnd_multiseed/rnd_decay/seed_3",
  "advmean_last": -0.00621422,
  "advmean_max": 0.65274674,
  "advmean_mean": 0.0022496529893452372,
  "advstd_last": 0.02655416,
  "advstd_max": 0.27984887,
  "advstd_mean": 0.04226010226190476,
  "best_ret_last": 100.0,
  "best_ret_max": 100.0,
  "best_ret_mean": 92.21556886227545,
  "epcount_last": 1858.0,
  "epcount_max": 1858.0,
  "epcount_mean": 919.5297619047619,
  "eprew_last": 0.0,
  "eprew_max": 1.0,
  "eprew_mean": 0.05389221556886228,
  "ev_ext_last": -1.0,
  "ev_ext_max": 0.7772558927536011,
  "ev_ext_mean": -0.3252169876581147,
  "ev_int_last": 0.5136817097663879,
  "ev_int_max": 0.6170003116130829,
  "ev_int_mean": 0.33925956877924146,
  "int_coeff_effective_last": 0.995,
  "int_coeff_effective_max": 1.0,
  "int_coeff_effective_mean": 0.9953571428571427,
  "mem_available_last": 842592305152.0,
  "mem_available_max": 930851311616.0,
  "mem_available_mean": 852650028592.762,
  "n_rooms_last": 1.0,
  "n_rooms_max": 1.0,
  "n_rooms_mean": 0.9940476190476191,
  "n_updates_last": 168.0,
  "n_updates_max": 168.0,
  "n_updates_mean": 84.5,
  "opt_approxkl_last": 0.0018432692,
  "opt_approxkl_max": 0.0030977959,
  "opt_approxkl_mean": 0.001434972718154762,
  "opt_auxloss_last": 0.03506942,
  "opt_auxloss_max": 0.4436261,
  "opt_auxloss_mean": 0.08132118776190476,
  "opt_clipfrac_last": 0.10546875,
  "opt_clipfrac_max": 0.3046875,
  "opt_clipfrac_mean": 0.06274995333035714,
  "opt_ent_last": 2.78827,
  "opt_ent_max": 2.8877335,
  "opt_ent_mean": 2.8009417625,
  "opt_featvar_last": 0.3724741,
  "opt_featvar_max": 0.44163716,
  "opt_featvar_mean": 0.39511860446428576,
  "opt_gradnorm_last": 0.046511546,
  "opt_gradnorm_max": 4.3158464,
  "opt_gradnorm_mean": 0.23678805082142856,
  "opt_maxfeat_last": 4.3468337,
  "opt_maxfeat_max": 4.794183,
  "opt_maxfeat_mean": 4.2504174119047615,
  "opt_maxkl_last": 0.0072495095,
  "opt_maxkl_max": 0.013957731,
  "opt_maxkl_mean": 0.005674964585119048,
  "opt_pg_last": 0.0043186727,
  "opt_pg_max": 0.051844425,
  "opt_pg_mean": -0.001942993346488096,
  "opt_tot_last": 0.037024677,
  "opt_tot_max": 0.22636777,
  "opt_tot_mean": 0.07856586725595237,
  "opt_vf_last": 0.00042485338,
  "opt_vf_max": 0.1140799,
  "opt_vf_mean": 0.0019886144692261905,
  "recent_ext_mean_last": 0.0,
  "recent_ext_mean_max": 0.00024414062,
  "recent_ext_mean_mean": 1.4532179761904762e-06,
  "reset_counter_last": 0.0,
  "reset_counter_max": 0.0,
  "reset_counter_mean": 0.0,
  "retextmean_last": 3.4151046e-05,
  "retextmean_max": 0.005209847,
  "retextmean_mean": 0.00037249329095535725,
  "retextstd_last": 3.891034e-05,
  "retextstd_max": 0.045777734,
  "retextstd_mean": 0.00040547551912500007,
  "retintmean_last": 0.48490685,
  "retintmean_max": 1.9196215,
  "retintmean_mean": 0.8044968805952382,
  "retintstd_last": 0.038246494,
  "retintstd_max": 0.2798539,
  "retintstd_mean": 0.05002040010119048,
  "rewintmax_norm_last": 0.02384216,
  "rewintmax_norm_max": 0.10423325,
  "rewintmax_norm_mean": 0.0331547879047619,
  "rewintmax_unnorm_last": 0.19226207,
  "rewintmax_unnorm_max": 1.9010427,
  "rewintmax_unnorm_mean": 0.3474026079761905,
  "rewintmean_norm_last": 0.004453933,
  "rewintmean_norm_max": 0.04561875,
  "rewintmean_norm_mean": 0.008187971194642858,
  "rewintmean_unnorm_last": 0.03591631,
  "rewintmean_unnorm_max": 0.83201075,
  "rewintmean_unnorm_mean": 0.08859810125595238,
  "rewintstd_unnorm_last": 0.021850811,
  "rewintstd_unnorm_max": 0.41286498,
  "rewintstd_unnorm_mean": 0.04909133138690476,
  "rnd_decay_last": 0.995,
  "rnd_decay_max": 1.0,
  "rnd_decay_mean": 0.9953571428571427,
  "tcount_last": 681076.0,
  "tcount_max": 681076.0,
  "tcount_mean": 339365.2261904762,
  "time_elapsed_last": 24897.633898973465,
  "time_elapsed_max": 24897.633898973465,
  "time_elapsed_mean": 12747.268637861524,
  "tps_last": 25.727590228955822,
  "tps_max": 35.81893859862452,
  "tps_mean": 27.87104820778609,
  "vpredextmean_last": 3.4773962e-05,
  "vpredextmean_max": 0.0062829396,
  "vpredextmean_mean": 0.0004276679051034524,
  "vpredextstd_last": 9.445364e-05,
  "vpredextstd_max": 0.00049130927,
  "vpredextstd_mean": 0.00014423719216666666,
  "vpredintmean_last": 0.49115103,
  "vpredintmean_max": 1.9275043,
  "vpredintmean_mean": 0.8021778078476189,
  "vpredintstd_last": 0.030857265,
  "vpredintstd_max": 0.03727449,
  "vpredintstd_mean": 0.02026715957238095,
  "wait_step_last": 159.18593859672546,
  "wait_step_max": 178.0121552944183,
  "wait_step_mean": 147.7651730378469,
  "wait_update_last": 140.6297583580017,
  "wait_update_max": 154.65815091133118,
  "wait_update_mean": 124.45269388102349,
  "eplen_last": 419.58,
  "eplen_max": 482.7627118644068,
  "eplen_mean": 367.0614570343727,
  "eprooms_last": 1.0,
  "eprooms_max": 1.0,
  "eprooms_mean": 1.0,
  "rewtotal_last": 100.0,
  "rewtotal_max": 100.0,
  "rewtotal_mean": 92.21556886227545,
  "best_return": 100.0,
  "n_rooms": 1.0,
  "time_elapsed": 24897.633898973465,
  "updates": 168.0,
  "eprew": 0.0,
  "retextmean": 3.4151046e-05,
  "retintmean": 0.48490685,
  "opt_auxloss": 0.03506942,
  "rnd_decay": 0.995,
  "int_coeff_effective": 0.995,
  "recent_ext_mean": 0.0,
  "best_return_log": 100.0,
  "n_rooms_log": 1.0,
  "eprew_log": 0.0
}