{
  "method": "ppo_baseline",
  "seed": 2,
  "run_dir": "/workspace/RND_FINAL_REPORT_EXPORT/rnd_multiseed/ppo_baseline/seed_2",
  "advmean_last": 2.2612578e-05,
  "advmean_max": 0.008364836,
  "advmean_mean": -6.139525237215332e-05,
  "advstd_last": 0.00042730046,
  "advstd_max": 0.091580525,
  "advstd_mean": 0.001841681183,
  "best_ret_last": 400.0,
  "best_ret_max": 400.0,
  "best_ret_mean": 222.81879194630872,
  "epcount_last": 1120.0,
  "epcount_max": 1120.0,
  "epcount_mean": 553.5266666666666,
  "eprew_last": 0.0,
  "eprew_max": 4.0,
  "eprew_mean": 0.348993288590604,
  "ev_ext_last": 0.3116049766540527,
  "ev_ext_max": 0.8567658066749573,
  "ev_ext_mean": 0.09929338703552881,
  "ev_int_last": 0.6626093089580536,
  "ev_int_max": 0.7548040449619293,
  "ev_int_mean": 0.5501501601934433,
  "mem_available_last": 826510479360.0,
  "mem_available_max": 931367378944.0,
  "mem_available_mean": 852232787804.16,
  "n_rooms_last": 2.0,
  "n_rooms_max": 2.0,
  "n_rooms_mean": 1.5466666666666666,
  "n_updates_last": 150.0,
  "n_updates_max": 150.0,
  "n_updates_mean": 75.5,
  "opt_approxkl_last": 7.49412e-05,
  "opt_approxkl_max": 0.022279516,
  "opt_approxkl_mean": 0.0009417900150266665,
  "opt_auxloss_last": 0.04186061,
  "opt_auxloss_max": 0.5291606,
  "opt_auxloss_mean": 0.08129252425333335,
  "opt_clipfrac_last": 0.0,
  "opt_clipfrac_max": 0.88378906,
  "opt_clipfrac_mean": 0.029394531406666667,
  "opt_ent_last": 2.8902414,
  "opt_ent_max": 2.8903341,
  "opt_ent_mean": 2.888691998,
  "opt_featvar_last": 0.36144274,
  "opt_featvar_max": 0.42255944,
  "opt_featvar_mean": 0.3323538871333333,
  "opt_gradnorm_last": 0.0623633,
  "opt_gradnorm_max": 4.1743226,
  "opt_gradnorm_mean": 0.25623928586,
  "opt_maxfeat_last": 4.475016,
  "opt_maxfeat_max": 5.147982,
  "opt_maxfeat_mean": 4.438775733333333,
  "opt_maxkl_last": 0.0004404233,
  "opt_maxkl_max": 0.09185269,
  "opt_maxkl_mean": 0.0039749345310533335,
  "opt_pg_last": 4.5601642e-05,
  "opt_pg_max": 0.0029740043,
  "opt_pg_mean": 0.00015180796594226664,
  "opt_tot_last": 0.039583717,
  "opt_tot_max": 0.66412187,
  "opt_tot_mean": 0.08115608711333334,
  "opt_vf_last": 0.00056774577,
  "opt_vf_max": 0.13811432,
  "opt_vf_mean": 0.0026004471831333337,
  "reset_counter_last": 0.0,
  "reset_counter_max": 0.0,
  "reset_counter_mean": 0.0,
  "retextmean_last": 6.423094e-05,
  "retextmean_max": 0.0065854257,
  "retextmean_mean": 0.0005999009330406668,
  "retextstd_last": 0.0002575043,
  "retextstd_max": 0.046374504,
  "retextstd_mean": 0.0010728932251666665,
  "retintmean_last": 0.37146038,
  "retintmean_max": 1.4520984,
  "retintmean_mean": 0.6259224449333333,
  "retintstd_last": 0.062418822,
  "retintstd_max": 1.7664205,
  "retintstd_mean": 0.08828762085333333,
  "rewintmax_norm_last": 0.018998541,
  "rewintmax_norm_max": 1.8765948,
  "rewintmax_norm_mean": 0.04127511940666667,
  "rewintmax_unnorm_last": 0.2116138,
  "rewintmax_unnorm_max": 25.14526,
  "rewintmax_unnorm_mean": 0.5591814846,
  "rewintmean_norm_last": 0.0037864908,
  "rewintmean_norm_max": 0.042009167,
  "rewintmean_norm_mean": 0.006419141215333333,
  "rewintmean_unnorm_last": 0.04217554,
  "rewintmean_unnorm_max": 0.98718727,
  "rewintmean_unnorm_mean": 0.09110919511333332,
  "rewintstd_unnorm_last": 0.030840997,
  "rewintstd_unnorm_max": 2.1341248,
  "rewintstd_unnorm_mean": 0.07277648742000001,
  "tcount_last": 603698.0,
  "tcount_max": 603698.0,
  "tcount_mean": 298423.46,
  "time_elapsed_last": 20940.738604545597,
  "time_elapsed_max": 20940.738604545597,
  "time_elapsed_mean": 10372.979340861639,
  "tps_last": 32.82312207018926,
  "tps_max": 46.14282732475599,
  "tps_mean": 29.89484387963262,
  "vpredextmean_last": 5.2924643e-05,
  "vpredextmean_max": 0.007998759,
  "vpredextmean_mean": 0.0006305985488773334,
  "vpredextstd_last": 0.00036709508,
  "vpredextstd_max": 0.0024076481,
  "vpredextstd_mean": 0.0006255724483000001,
  "vpredintmean_last": 0.37309077,
  "vpredintmean_max": 1.4543015,
  "vpredintmean_mean": 0.6229982143050667,
  "vpredintstd_last": 0.050324857,
  "vpredintstd_max": 0.09047163,
  "vpredintstd_mean": 0.05045376057980001,
  "wait_step_last": 124.78025913238524,
  "wait_step_max": 220.80809545516968,
  "wait_step_mean": 138.81974848270417,
  "wait_update_last": 103.20326519012453,
  "wait_update_max": 160.95849800109863,
  "wait_update_mean": 110.63465730667114,
  "eplen_last": 529.36,
  "eplen_max": 598.72,
  "eplen_mean": 531.1190084474451,
  "eprooms_last": 1.0,
  "eprooms_max": 1.01,
  "eprooms_mean": 1.0008724832214764,
  "rewtotal_last": 400.0,
  "rewtotal_max": 400.0,
  "rewtotal_mean": 222.81879194630872,
  "best_return": 400.0,
  "n_rooms": 2.0,
  "time_elapsed": 20940.738604545597,
  "updates": 150.0,
  "eprew": 0.0,
  "retextmean": 6.423094e-05,
  "retintmean": 0.37146038,
  "opt_auxloss": 0.04186061,
  "best_return_log": 400.0,
  "n_rooms_log": 2.0,
  "eprew_log": 0.0
}