{
  "method": "rnd_decay",
  "seed": 0,
  "run_dir": "/workspace/RND_FINAL_REPORT_EXPORT/rnd_multiseed/rnd_decay/seed_0",
  "advmean_last": -0.0039047317,
  "advmean_max": 0.6187241,
  "advmean_mean": 0.0006938897779818194,
  "advstd_last": 0.023430116,
  "advstd_max": 0.27607203,
  "advstd_mean": 0.03727117106060607,
  "best_ret_last": 0.0,
  "best_ret_max": 0.0,
  "best_ret_mean": 0.0,
  "epcount_last": 1888.0,
  "epcount_max": 1888.0,
  "epcount_mean": 924.339393939394,
  "eprew_last": 0.0,
  "eprew_max": 0.0,
  "eprew_mean": 0.0,
  "ev_ext_last": -1.0,
  "ev_ext_max": 0.724109411239624,
  "ev_ext_mean": -0.4990508406451254,
  "ev_int_last": 0.5505336225032806,
  "ev_int_max": 0.6184113025665283,
  "ev_int_mean": 0.3738823079701626,
  "int_coeff_effective_last": 1.0,
  "int_coeff_effective_max": 1.0,
  "int_coeff_effective_mean": 1.0,
  "mem_available_last": 840136019968.0,
  "mem_available_max": 929527103488.0,
  "mem_available_mean": 852686168560.4849,
  "n_rooms_last": 1.0,
  "n_rooms_max": 1.0,
  "n_rooms_mean": 0.9878787878787879,
  "n_updates_last": 165.0,
  "n_updates_max": 165.0,
  "n_updates_mean": 83.0,
  "opt_approxkl_last": 0.00094465143,
  "opt_approxkl_max": 0.004361208,
  "opt_approxkl_mean": 0.0012445903843030302,
  "opt_auxloss_last": 0.03630306,
  "opt_auxloss_max": 0.45025906,
  "opt_auxloss_mean": 0.09347957132727273,
  "opt_clipfrac_last": 0.0,
  "opt_clipfrac_max": 0.4345703,
  "opt_clipfrac_mean": 0.043702651366666664,
  "opt_ent_last": 2.8031836,
  "opt_ent_max": 2.8860335,
  "opt_ent_mean": 2.8082633981818184,
  "opt_featvar_last": 0.44029504,
  "opt_featvar_max": 0.50126624,
  "opt_featvar_mean": 0.45223806957575746,
  "opt_gradnorm_last": 0.14101577,
  "opt_gradnorm_max": 2.7989604,
  "opt_gradnorm_mean": 0.20618486598181818,
  "opt_maxfeat_last": 4.273985,
  "opt_maxfeat_max": 4.9394026,
  "opt_maxfeat_mean": 4.299642958787879,
  "opt_maxkl_last": 0.0038588613,
  "opt_maxkl_max": 0.016697863,
  "opt_maxkl_mean": 0.005432654105757576,
  "opt_pg_last": 0.008009155,
  "opt_pg_max": 0.050964493,
  "opt_pg_mean": -0.001124013784848486,
  "opt_tot_last": 0.041782133,
  "opt_tot_max": 0.25362858,
  "opt_tot_mean": 0.09103483525454545,
  "opt_vf_last": 0.00027310493,
  "opt_vf_max": 0.072517045,
  "opt_vf_mean": 0.0014875417377575757,
  "recent_ext_mean_last": 0.0,
  "recent_ext_mean_max": 0.0,
  "recent_ext_mean_mean": 0.0,
  "reset_counter_last": 0.0,
  "reset_counter_max": 0.0,
  "reset_counter_mean": 0.0,
  "retextmean_last": 1.356173e-05,
  "retextmean_max": 0.0014329602,
  "retextmean_mean": -0.00012131472829939396,
  "retextstd_last": 5.9677986e-05,
  "retextstd_max": 0.00034383583,
  "retextstd_mean": 0.0001236059882909091,
  "retintmean_last": 0.44066665,
  "retintmean_max": 1.8344707,
  "retintmean_mean": 0.7555935927878787,
  "retintstd_last": 0.0350012,
  "retintstd_max": 0.27600715,
  "retintstd_mean": 0.04526564817575757,
  "rewintmax_norm_last": 0.02410838,
  "rewintmax_norm_max": 0.10466055,
  "rewintmax_norm_mean": 0.030797922593939396,
  "rewintmax_unnorm_last": 0.23644866,
  "rewintmax_unnorm_max": 2.4756827,
  "rewintmax_unnorm_mean": 0.395630368,
  "rewintmean_norm_last": 0.004180895,
  "rewintmean_norm_max": 0.04288064,
  "rewintmean_norm_mean": 0.007591457416969697,
  "rewintmean_unnorm_last": 0.04100512,
  "rewintmean_unnorm_max": 1.0143158,
  "rewintmean_unnorm_mean": 0.10157074821212123,
  "rewintstd_unnorm_last": 0.024173733,
  "rewintstd_unnorm_max": 0.49208102,
  "rewintstd_unnorm_mean": 0.05389924483030303,
  "rnd_decay_last": 1.0,
  "rnd_decay_max": 1.0,
  "rnd_decay_mean": 1.0,
  "tcount_last": 668992.0,
  "tcount_max": 668992.0,
  "tcount_mean": 333574.55757575756,
  "time_elapsed_last": 24782.760892152783,
  "time_elapsed_max": 24782.760892152783,
  "time_elapsed_mean": 12732.086333826817,
  "tps_last": 27.085758428854625,
  "tps_max": 36.06515662259521,
  "tps_mean": 27.5147798700937,
  "vpredextmean_last": 1.9792295e-05,
  "vpredextmean_max": 0.0017748876,
  "vpredextmean_mean": -0.0001440061117561818,
  "vpredextstd_last": 0.000117867115,
  "vpredextstd_max": 0.00044857428,
  "vpredextstd_mean": 0.00017467248864848486,
  "vpredintmean_last": 0.44455892,
  "vpredintmean_max": 1.835074,
  "vpredintmean_mean": 0.7549450813078787,
  "vpredintstd_last": 0.026807684,
  "vpredintstd_max": 0.034909245,
  "vpredintstd_mean": 0.020440912983212118,
  "wait_step_last": 151.23031210899353,
  "wait_step_max": 184.50435042381287,
  "wait_step_mean": 149.74124298818182,
  "wait_update_last": 123.00521636009216,
  "wait_update_max": 153.31451869010925,
  "wait_update_mean": 128.6121622316765,
  "eplen_last": 366.91,
  "eplen_max": 465.61538461538464,
  "eplen_mean": 357.15823161787233,
  "eprooms_last": 1.0,
  "eprooms_max": 1.0,
  "eprooms_mean": 1.0,
  "rewtotal_last": 0.0,
  "rewtotal_max": 0.0,
  "rewtotal_mean": 0.0,
  "best_return": 0.0,
  "n_rooms": 1.0,
  "time_elapsed": 24782.760892152783,
  "updates": 165.0,
  "eprew": 0.0,
  "retextmean": 1.356173e-05,
  "retintmean": 0.44066665,
  "opt_auxloss": 0.03630306,
  "rnd_decay": 1.0,
  "int_coeff_effective": 1.0,
  "recent_ext_mean": 0.0,
  "best_return_log": 0.0,
  "n_rooms_log": 1.0,
  "eprew_log": 0.0
}