{
  "method": "ppo_baseline",
  "seed": 1,
  "run_dir": "/workspace/RND_FINAL_REPORT_EXPORT/rnd_multiseed/ppo_baseline/seed_1",
  "advmean_last": -3.748724e-05,
  "advmean_max": 0.0007056898,
  "advmean_mean": -6.683502371792e-05,
  "advstd_last": 0.00027691998,
  "advstd_max": 0.0011096956,
  "advstd_mean": 0.0003609086137333333,
  "best_ret_last": 0.0,
  "best_ret_max": 0.0,
  "best_ret_mean": 0.0,
  "epcount_last": 1080.0,
  "epcount_max": 1080.0,
  "epcount_mean": 532.9733333333334,
  "eprew_last": 0.0,
  "eprew_max": 0.0,
  "eprew_mean": 0.0,
  "ev_ext_last": -1.0,
  "ev_ext_max": 0.5011404752731323,
  "ev_ext_mean": -0.6236358626683554,
  "ev_int_last": 0.7353575527667999,
  "ev_int_max": 0.7573786675930023,
  "ev_int_mean": 0.574591905673345,
  "mem_available_last": 826928816128.0,
  "mem_available_max": 931668656128.0,
  "mem_available_mean": 852597038039.04,
  "n_rooms_last": 1.0,
  "n_rooms_max": 1.0,
  "n_rooms_mean": 0.9933333333333333,
  "n_updates_last": 150.0,
  "n_updates_max": 150.0,
  "n_updates_mean": 75.5,
  "opt_approxkl_last": 0.00047941745,
  "opt_approxkl_max": 0.004285817,
  "opt_approxkl_mean": 0.0009081045677066668,
  "opt_auxloss_last": 0.048887923,
  "opt_auxloss_max": 0.53950423,
  "opt_auxloss_mean": 0.08713587389333334,
  "opt_clipfrac_last": 0.0,
  "opt_clipfrac_max": 0.21875,
  "opt_clipfrac_mean": 0.02067708338,
  "opt_ent_last": 2.8901591,
  "opt_ent_max": 2.8902798,
  "opt_ent_mean": 2.8898497013333335,
  "opt_featvar_last": 0.43659216,
  "opt_featvar_max": 0.4681701,
  "opt_featvar_mean": 0.3525045484666667,
  "opt_gradnorm_last": 0.094667085,
  "opt_gradnorm_max": 3.6080723,
  "opt_gradnorm_mean": 0.24461594996000002,
  "opt_maxfeat_last": 4.3362355,
  "opt_maxfeat_max": 5.096447,
  "opt_maxfeat_mean": 4.353608430666667,
  "opt_maxkl_last": 0.0026334163,
  "opt_maxkl_max": 0.031655006,
  "opt_maxkl_mean": 0.0046954242342,
  "opt_pg_last": 4.414213e-06,
  "opt_pg_max": 0.0014590209,
  "opt_pg_mean": 6.380550679419999e-05,
  "opt_tot_last": 0.047127947,
  "opt_tot_max": 0.65617156,
  "opt_tot_mean": 0.08706049172666666,
  "opt_vf_last": 0.0011257709,
  "opt_vf_max": 0.11940211,
  "opt_vf_mean": 0.0027506621337333335,
  "reset_counter_last": 0.0,
  "reset_counter_max": 0.0,
  "reset_counter_mean": 0.0,
  "retextmean_last": 0.0001116561,
  "retextmean_max": 0.0032233605,
  "retextmean_mean": 0.00015155513426960002,
  "retextstd_last": 6.2578496e-05,
  "retextstd_max": 0.00060192554,
  "retextstd_mean": 0.00014260345664666665,
  "retintmean_last": 0.4509479,
  "retintmean_max": 1.60167,
  "retintmean_mean": 0.6983545751333333,
  "retintstd_last": 0.08694902,
  "retintstd_max": 0.26383963,
  "retintstd_mean": 0.09127581650666666,
  "rewintmax_norm_last": 0.02180427,
  "rewintmax_norm_max": 0.10741332,
  "rewintmax_norm_mean": 0.03259443023333333,
  "rewintmax_unnorm_last": 0.20569445,
  "rewintmax_unnorm_max": 2.4318514,
  "rewintmax_unnorm_mean": 0.410603714,
  "rewintmean_norm_last": 0.0048959963,
  "rewintmean_norm_max": 0.04356493,
  "rewintmean_norm_mean": 0.007134667506666667,
  "rewintmean_unnorm_last": 0.046187256,
  "rewintmean_unnorm_max": 0.9863156,
  "rewintmean_unnorm_mean": 0.09470453298,
  "rewintstd_unnorm_last": 0.032512102,
  "rewintstd_unnorm_max": 0.46515027,
  "rewintstd_unnorm_mean": 0.06148523725333334,
  "tcount_last": 605627.0,
  "tcount_max": 605627.0,
  "tcount_mean": 298200.1066666667,
  "time_elapsed_last": 20904.78219628334,
  "time_elapsed_max": 20904.78219628334,
  "time_elapsed_mean": 10328.830097433725,
  "tps_last": 31.42888100200909,
  "tps_max": 51.00752697204595,
  "tps_mean": 30.01536206606572,
  "vpredextmean_last": 0.00013039971,
  "vpredextmean_max": 0.0039419206,
  "vpredextmean_mean": 0.00018497263965733336,
  "vpredextstd_last": 0.0001457527,
  "vpredextstd_max": 0.0007334515,
  "vpredextstd_mean": 0.00020621158668666668,
  "vpredintmean_last": 0.44440153,
  "vpredintmean_max": 1.6074718,
  "vpredintmean_mean": 0.6958895173506267,
  "vpredintstd_last": 0.074033566,
  "vpredintstd_max": 0.11750996,
  "vpredintstd_mean": 0.06247666756106665,
  "wait_step_last": 130.32597827911377,
  "wait_step_max": 238.98681449890137,
  "wait_step_mean": 138.67237089157103,
  "wait_update_last": 102.3056778907776,
  "wait_update_max": 153.08875370025635,
  "wait_update_mean": 111.5414186668396,
  "eplen_last": 611.46,
  "eplen_max": 612.64,
  "eplen_mean": 549.6064540541915,
  "eprooms_last": 1.0,
  "eprooms_max": 1.0,
  "eprooms_mean": 1.0,
  "rewtotal_last": 0.0,
  "rewtotal_max": 0.0,
  "rewtotal_mean": 0.0,
  "best_return": 0.0,
  "n_rooms": 1.0,
  "time_elapsed": 20904.78219628334,
  "updates": 150.0,
  "eprew": 0.0,
  "retextmean": 0.0001116561,
  "retintmean": 0.4509479,
  "opt_auxloss": 0.048887923,
  "best_return_log": 0.0,
  "n_rooms_log": 1.0,
  "eprew_log": 0.0
}