{
  "method": "rnd_decay",
  "seed": 4,
  "run_dir": "/workspace/RND_FINAL_REPORT_EXPORT/rnd_multiseed/rnd_decay/seed_4",
  "advmean_last": 0.0030486477,
  "advmean_max": 0.64420915,
  "advmean_mean": 0.002412725433626506,
  "advstd_last": 0.0266217,
  "advstd_max": 0.26581156,
  "advstd_mean": 0.038520853120481924,
  "best_ret_last": 0.0,
  "best_ret_max": 0.0,
  "best_ret_mean": 0.0,
  "epcount_last": 1893.0,
  "epcount_max": 1893.0,
  "epcount_mean": 933.8674698795181,
  "eprew_last": 0.0,
  "eprew_max": 0.0,
  "eprew_mean": 0.0,
  "ev_ext_last": -0.0313830375671386,
  "ev_ext_max": 0.1084075570106506,
  "ev_ext_mean": -0.6613288374550371,
  "ev_int_last": 0.5876280665397644,
  "ev_int_max": 0.6080668866634369,
  "ev_int_mean": 0.3520286575139287,
  "int_coeff_effective_last": 1.0,
  "int_coeff_effective_max": 1.0,
  "int_coeff_effective_mean": 1.0,
  "mem_available_last": 842591019008.0,
  "mem_available_max": 930831814656.0,
  "mem_available_mean": 852796376643.8555,
  "n_rooms_last": 1.0,
  "n_rooms_max": 1.0,
  "n_rooms_mean": 0.9939759036144579,
  "n_updates_last": 166.0,
  "n_updates_max": 166.0,
  "n_updates_mean": 83.5,
  "opt_approxkl_last": 0.0016789853,
  "opt_approxkl_max": 0.0054775667,
  "opt_approxkl_mean": 0.0013182329556626505,
  "opt_auxloss_last": 0.036919072,
  "opt_auxloss_max": 0.45572785,
  "opt_auxloss_mean": 0.08140743738554217,
  "opt_clipfrac_last": 0.12011719,
  "opt_clipfrac_max": 0.2783203,
  "opt_clipfrac_mean": 0.05316382719578314,
  "opt_ent_last": 2.8171835,
  "opt_ent_max": 2.8867698,
  "opt_ent_mean": 2.799031665060241,
  "opt_featvar_last": 0.36670583,
  "opt_featvar_max": 0.4109834,
  "opt_featvar_mean": 0.37344619391566264,
  "opt_gradnorm_last": 0.2159363,
  "opt_gradnorm_max": 3.846332,
  "opt_gradnorm_mean": 0.22623291190361447,
  "opt_maxfeat_last": 4.247675,
  "opt_maxfeat_max": 4.886947,
  "opt_maxfeat_mean": 4.104959737951807,
  "opt_maxkl_last": 0.008546371,
  "opt_maxkl_max": 0.07379588,
  "opt_maxkl_mean": 0.0060642215698795176,
  "opt_pg_last": 0.00062207726,
  "opt_pg_max": 0.06119269,
  "opt_pg_mean": -0.0027597431198439766,
  "opt_tot_last": 0.035089936,
  "opt_tot_max": 0.22301392,
  "opt_tot_mean": 0.07764990021686746,
  "opt_vf_last": 0.0003659689,
  "opt_vf_max": 0.11906153,
  "opt_vf_mean": 0.0018012376398795179,
  "recent_ext_mean_last": 0.0,
  "recent_ext_mean_max": 0.0,
  "recent_ext_mean_mean": 0.0,
  "reset_counter_last": 0.0,
  "reset_counter_max": 0.0,
  "reset_counter_mean": 0.0,
  "retextmean_last": -0.0014651933,
  "retextmean_max": 0.0016444211,
  "retextmean_mean": -0.0001732401114638554,
  "retextstd_last": 0.0002734437,
  "retextstd_max": 0.0004996742,
  "retextstd_mean": 0.00010973759310843374,
  "retintmean_last": 0.45999086,
  "retintmean_max": 1.8175482,
  "retintmean_mean": 0.7588416886746989,
  "retintstd_last": 0.041496202,
  "retintstd_max": 0.2657741,
  "retintstd_mean": 0.04641194431325301,
  "rewintmax_norm_last": 0.021742137,
  "rewintmax_norm_max": 0.1051083,
  "rewintmax_norm_mean": 0.031334163271084334,
  "rewintmax_unnorm_last": 0.1825105,
  "rewintmax_unnorm_max": 2.0971336,
  "rewintmax_unnorm_mean": 0.34342637222891553,
  "rewintmean_norm_last": 0.004721091,
  "rewintmean_norm_max": 0.044765003,
  "rewintmean_norm_mean": 0.007726127060843374,
  "rewintmean_unnorm_last": 0.03963036,
  "rewintmean_unnorm_max": 0.89315677,
  "rewintmean_unnorm_mean": 0.08854280288554217,
  "rewintstd_unnorm_last": 0.023560105,
  "rewintstd_unnorm_max": 0.4094592,
  "rewintstd_unnorm_mean": 0.04717931623493975,
  "rnd_decay_last": 1.0,
  "rnd_decay_max": 1.0,
  "rnd_decay_mean": 1.0,
  "tcount_last": 674015.0,
  "tcount_max": 674015.0,
  "tcount_mean": 335601.2951807229,
  "time_elapsed_last": 24889.557647943497,
  "time_elapsed_max": 24889.557647943497,
  "time_elapsed_mean": 12781.372973814068,
  "tps_last": 26.89312176734251,
  "tps_max": 36.47366697641424,
  "tps_mean": 27.552809067571705,
  "vpredextmean_last": -0.00180363,
  "vpredextmean_max": 0.0020287056,
  "vpredextmean_mean": -0.00020779211145542168,
  "vpredextstd_last": 0.00012672764,
  "vpredextstd_max": 0.0002710113,
  "vpredextstd_mean": 0.00013108394539759036,
  "vpredintmean_last": 0.45761907,
  "vpredintmean_max": 1.8185023,
  "vpredintmean_mean": 0.7564980709289156,
  "vpredintstd_last": 0.030863184,
  "vpredintstd_max": 0.032288432,
  "vpredintstd_mean": 0.0197683930076506,
  "wait_step_last": 152.0323839187622,
  "wait_step_max": 179.82586359977722,
  "wait_step_mean": 149.50719760843072,
  "wait_update_last": 132.61280941963196,
  "wait_update_max": 154.89078283309937,
  "wait_update_mean": 128.22974900883364,
  "eplen_last": 335.35,
  "eplen_max": 451.6744186046512,
  "eplen_mean": 357.0887605664175,
  "eprooms_last": 1.0,
  "eprooms_max": 1.0,
  "eprooms_mean": 1.0,
  "rewtotal_last": 0.0,
  "rewtotal_max": 0.0,
  "rewtotal_mean": 0.0,
  "best_return": 0.0,
  "n_rooms": 1.0,
  "time_elapsed": 24889.557647943497,
  "updates": 166.0,
  "eprew": 0.0,
  "retextmean": -0.0014651933,
  "retintmean": 0.45999086,
  "opt_auxloss": 0.036919072,
  "rnd_decay": 1.0,
  "int_coeff_effective": 1.0,
  "recent_ext_mean": 0.0,
  "best_return_log": 0.0,
  "n_rooms_log": 1.0,
  "eprew_log": 0.0
}