{
  "method": "rnd_decay",
  "seed": 1,
  "run_dir": "/workspace/RND_FINAL_REPORT_EXPORT/rnd_multiseed/rnd_decay/seed_1",
  "advmean_last": 0.0036989138,
  "advmean_max": 0.63102794,
  "advmean_mean": 0.0014928823804727272,
  "advstd_last": 0.024487624,
  "advstd_max": 0.2638724,
  "advstd_mean": 0.03731009238181818,
  "best_ret_last": 0.0,
  "best_ret_max": 0.0,
  "best_ret_mean": 0.0,
  "epcount_last": 1814.0,
  "epcount_max": 1814.0,
  "epcount_mean": 920.8909090909091,
  "eprew_last": 0.0,
  "eprew_max": 0.0,
  "eprew_mean": 0.0,
  "ev_ext_last": -0.3447929620742798,
  "ev_ext_max": 0.7097663879394531,
  "ev_ext_mean": -0.78146141984246,
  "ev_int_last": 0.5889493823051453,
  "ev_int_max": 0.662794828414917,
  "ev_int_mean": 0.40357449795260575,
  "int_coeff_effective_last": 1.0,
  "int_coeff_effective_max": 1.0,
  "int_coeff_effective_mean": 1.0,
  "mem_available_last": 839934468096.0,
  "mem_available_max": 930706104320.0,
  "mem_available_mean": 852692380032.7758,
  "n_rooms_last": 1.0,
  "n_rooms_max": 1.0,
  "n_rooms_mean": 0.9939393939393939,
  "n_updates_last": 165.0,
  "n_updates_max": 165.0,
  "n_updates_mean": 83.0,
  "opt_approxkl_last": 0.0013523162,
  "opt_approxkl_max": 0.0039904853,
  "opt_approxkl_mean": 0.0012628381718787877,
  "opt_auxloss_last": 0.048601307,
  "opt_auxloss_max": 0.53950423,
  "opt_auxloss_mean": 0.09080846064242425,
  "opt_clipfrac_last": 0.06933594,
  "opt_clipfrac_max": 0.30273438,
  "opt_clipfrac_mean": 0.045075757706060614,
  "opt_ent_last": 2.743002,
  "opt_ent_max": 2.8876686,
  "opt_ent_mean": 2.8120756848484847,
  "opt_featvar_last": 0.47483313,
  "opt_featvar_max": 0.49528843,
  "opt_featvar_mean": 0.43833230751515156,
  "opt_gradnorm_last": 0.044457816,
  "opt_gradnorm_max": 3.6215665,
  "opt_gradnorm_mean": 0.2223443237757576,
  "opt_maxfeat_last": 4.062164,
  "opt_maxfeat_max": 4.7879667,
  "opt_maxfeat_mean": 4.346547045454545,
  "opt_maxkl_last": 0.015069383,
  "opt_maxkl_max": 0.026889076,
  "opt_maxkl_mean": 0.0064790419569696975,
  "opt_pg_last": -0.0074463133,
  "opt_pg_max": 0.05761338,
  "opt_pg_mean": -0.0017411979958181815,
  "opt_tot_last": 0.038673252,
  "opt_tot_max": 0.24498779,
  "opt_tot_mean": 0.08800102005454545,
  "opt_vf_last": 0.0002612616,
  "opt_vf_max": 0.11939404,
  "opt_vf_mean": 0.0017458332464848486,
  "recent_ext_mean_last": 0.0,
  "recent_ext_mean_max": 0.0,
  "recent_ext_mean_mean": 0.0,
  "reset_counter_last": 0.0,
  "reset_counter_max": 0.0,
  "reset_counter_mean": 0.0,
  "retextmean_last": -0.0013083385,
  "retextmean_max": 0.0023859728,
  "retextmean_mean": -0.00013753846571393935,
  "retextstd_last": 0.00021049981,
  "retextstd_max": 0.00040332312,
  "retextstd_mean": 0.0001280617838121212,
  "retintmean_last": 0.50100577,
  "retintmean_max": 1.8913413,
  "retintmean_mean": 0.7569097220606059,
  "retintstd_last": 0.038213708,
  "retintstd_max": 0.26383963,
  "retintstd_mean": 0.046915979672727266,
  "rewintmax_norm_last": 0.022241043,
  "rewintmax_norm_max": 0.10741332,
  "rewintmax_norm_mean": 0.029567967321212123,
  "rewintmax_unnorm_last": 0.20953801,
  "rewintmax_unnorm_max": 2.4318514,
  "rewintmax_unnorm_mean": 0.3670507478181818,
  "rewintmean_norm_last": 0.0051246947,
  "rewintmean_norm_max": 0.04356493,
  "rewintmean_norm_mean": 0.007643999425454545,
  "rewintmean_unnorm_last": 0.048280932,
  "rewintmean_unnorm_max": 0.9863156,
  "rewintmean_unnorm_mean": 0.09867433613333333,
  "rewintstd_unnorm_last": 0.026589328,
  "rewintstd_unnorm_max": 0.46515027,
  "rewintstd_unnorm_mean": 0.05209039940606061,
  "rnd_decay_last": 1.0,
  "rnd_decay_max": 1.0,
  "rnd_decay_mean": 1.0,
  "tcount_last": 667482.0,
  "tcount_max": 667482.0,
  "tcount_mean": 333204.86666666664,
  "time_elapsed_last": 24782.538532972336,
  "time_elapsed_max": 24782.538532972336,
  "time_elapsed_mean": 12731.348745018064,
  "tps_last": 26.91357396250617,
  "tps_max": 35.59084579736799,
  "tps_mean": 27.499881781339287,
  "vpredextmean_last": -0.0015822939,
  "vpredextmean_max": 0.0029584458,
  "vpredextmean_mean": -0.0001646200918284848,
  "vpredextstd_last": 0.00022109432,
  "vpredextstd_max": 0.00036535165,
  "vpredextstd_mean": 0.00018500036137575758,
  "vpredintmean_last": 0.49785483,
  "vpredintmean_max": 1.893188,
  "vpredintmean_mean": 0.7554710029248123,
  "vpredintstd_last": 0.031439383,
  "vpredintstd_max": 0.03530616,
  "vpredintstd_mean": 0.02291089877309091,
  "wait_step_last": 152.26142191886902,
  "wait_step_max": 183.9152250289917,
  "wait_step_mean": 149.76152392878677,
  "wait_update_last": 123.10560703277588,
  "wait_update_max": 153.39830660820007,
  "wait_update_mean": 128.27446853319805,
  "eplen_last": 442.07,
  "eplen_max": 463.8888888888889,
  "eplen_mean": 367.29110633695535,
  "eprooms_last": 1.0,
  "eprooms_max": 1.0,
  "eprooms_mean": 1.0,
  "rewtotal_last": 0.0,
  "rewtotal_max": 0.0,
  "rewtotal_mean": 0.0,
  "best_return": 0.0,
  "n_rooms": 1.0,
  "time_elapsed": 24782.538532972336,
  "updates": 165.0,
  "eprew": 0.0,
  "retextmean": -0.0013083385,
  "retintmean": 0.50100577,
  "opt_auxloss": 0.048601307,
  "rnd_decay": 1.0,
  "int_coeff_effective": 1.0,
  "recent_ext_mean": 0.0,
  "best_return_log": 0.0,
  "n_rooms_log": 1.0,
  "eprew_log": 0.0
}