{
  "method": "rnd_classic",
  "seed": 2,
  "run_dir": "/workspace/RND_FINAL_REPORT_EXPORT/rnd_multiseed/rnd_classic/seed_2",
  "advmean_last": 0.0037612664,
  "advmean_max": 0.60794795,
  "advmean_mean": 0.0025457728262598873,
  "advstd_last": 0.023676986,
  "advstd_max": 0.2676451,
  "advstd_mean": 0.03361389552542373,
  "best_ret_last": 0.0,
  "best_ret_max": 0.0,
  "best_ret_mean": 0.0,
  "epcount_last": 2026.0,
  "epcount_max": 2026.0,
  "epcount_mean": 1009.3446327683616,
  "eprew_last": 0.0,
  "eprew_max": 0.0,
  "eprew_mean": 0.0,
  "ev_ext_last": -0.0502302646636962,
  "ev_ext_max": 0.9010719805955888,
  "ev_ext_mean": -0.1535002791696349,
  "ev_int_last": 0.5586900413036346,
  "ev_int_max": 0.6353619396686554,
  "ev_int_mean": 0.34177465644259913,
  "mem_available_last": 839529865216.0,
  "mem_available_max": 913560662016.0,
  "mem_available_mean": 826990679983.0056,
  "n_rooms_last": 1.0,
  "n_rooms_max": 1.0,
  "n_rooms_mean": 0.9943502824858758,
  "n_updates_last": 177.0,
  "n_updates_max": 177.0,
  "n_updates_mean": 89.0,
  "opt_approxkl_last": 0.002387356,
  "opt_approxkl_max": 0.004606573,
  "opt_approxkl_mean": 0.0013185533171751413,
  "opt_auxloss_last": 0.039693452,
  "opt_auxloss_max": 0.5291606,
  "opt_auxloss_mean": 0.08027690417514124,
  "opt_clipfrac_last": 0.15722656,
  "opt_clipfrac_max": 0.37695312,
  "opt_clipfrac_mean": 0.05473715566101695,
  "opt_ent_last": 2.8138578,
  "opt_ent_max": 2.8869045,
  "opt_ent_mean": 2.807231433333333,
  "opt_featvar_last": 0.4253426,
  "opt_featvar_max": 0.4622051,
  "opt_featvar_mean": 0.40569882022598874,
  "opt_gradnorm_last": 0.12685895,
  "opt_gradnorm_max": 4.2215586,
  "opt_gradnorm_mean": 0.20394043815254237,
  "opt_maxfeat_last": 4.3444676,
  "opt_maxfeat_max": 5.267466,
  "opt_maxfeat_mean": 4.538238634463277,
  "opt_maxkl_last": 0.0075218217,
  "opt_maxkl_max": 0.045818493,
  "opt_maxkl_mean": 0.006006879807344633,
  "opt_pg_last": -0.007146146,
  "opt_pg_max": 0.05779976,
  "opt_pg_mean": -0.003581184593163841,
  "opt_tot_last": 0.029974803,
  "opt_tot_max": 0.23154756,
  "opt_tot_mean": 0.07545196515254236,
  "opt_vf_last": 0.00024135565,
  "opt_vf_max": 0.13805714,
  "opt_vf_mean": 0.001563477185875706,
  "reset_counter_last": 0.0,
  "reset_counter_max": 0.0,
  "reset_counter_mean": 0.0,
  "retextmean_last": 0.00058533775,
  "retextmean_max": 0.0013924171,
  "retextmean_mean": -5.705952380056497e-05,
  "retextstd_last": 0.0001115938,
  "retextstd_max": 0.00030476102,
  "retextstd_mean": 0.00011492873645762712,
  "retintmean_last": 0.39728957,
  "retintmean_max": 1.8327249,
  "retintmean_mean": 0.6724537633333334,
  "retintstd_last": 0.035652995,
  "retintstd_max": 0.267572,
  "retintstd_mean": 0.040382737028248586,
  "rewintmax_norm_last": 0.021035029,
  "rewintmax_norm_max": 0.102686614,
  "rewintmax_norm_mean": 0.028530224677966103,
  "rewintmax_unnorm_last": 0.18807194,
  "rewintmax_unnorm_max": 2.4130666,
  "rewintmax_unnorm_mean": 0.34271039836158196,
  "rewintmean_norm_last": 0.004188954,
  "rewintmean_norm_max": 0.042009167,
  "rewintmean_norm_mean": 0.006867352884180792,
  "rewintmean_unnorm_last": 0.037452992,
  "rewintmean_unnorm_max": 0.98718727,
  "rewintmean_unnorm_mean": 0.08672133224858757,
  "rewintstd_unnorm_last": 0.022663733,
  "rewintstd_unnorm_max": 0.5050407,
  "rewintstd_unnorm_mean": 0.04631668079096045,
  "tcount_last": 718795.0,
  "tcount_max": 718795.0,
  "tcount_mean": 358127.65536723164,
  "time_elapsed_last": 24850.930233478543,
  "time_elapsed_max": 24850.930233478543,
  "time_elapsed_mean": 12538.962697332188,
  "tps_last": 27.65613366854003,
  "tps_max": 42.17339145538637,
  "tps_mean": 29.441119657982927,
  "vpredextmean_last": 0.00070852553,
  "vpredextmean_max": 0.0016581649,
  "vpredextmean_mean": -6.996576503220338e-05,
  "vpredextstd_last": 9.0702175e-05,
  "vpredextstd_max": 0.00063024485,
  "vpredextstd_mean": 0.0001283119570338983,
  "vpredintmean_last": 0.39328194,
  "vpredintmean_max": 1.8359661,
  "vpredintmean_mean": 0.669933799919548,
  "vpredintstd_last": 0.025815478,
  "vpredintstd_max": 0.029614666,
  "vpredintstd_mean": 0.017282340207175142,
  "wait_step_last": 148.0315637588501,
  "wait_step_max": 165.2993152141571,
  "wait_step_mean": 139.75772739938424,
  "wait_update_last": 121.02945637702942,
  "wait_update_max": 140.49899196624756,
  "wait_update_mean": 116.55716358874477,
  "eplen_last": 361.86,
  "eplen_max": 429.6,
  "eplen_mean": 354.69108639720804,
  "eprooms_last": 1.0,
  "eprooms_max": 1.0,
  "eprooms_mean": 1.0,
  "rewtotal_last": 0.0,
  "rewtotal_max": 0.0,
  "rewtotal_mean": 0.0,
  "best_return": 0.0,
  "n_rooms": 1.0,
  "time_elapsed": 24850.930233478543,
  "updates": 177.0,
  "eprew": 0.0,
  "retextmean": 0.00058533775,
  "retintmean": 0.39728957,
  "opt_auxloss": 0.039693452,
  "best_return_log": 0.0,
  "n_rooms_log": 1.0,
  "eprew_log": 0.0
}