{
  "method": "ppo_baseline",
  "seed": 3,
  "run_dir": "/workspace/RND_FINAL_REPORT_EXPORT/rnd_multiseed/ppo_baseline/seed_3",
  "advmean_last": 3.9543454e-05,
  "advmean_max": 0.015215709,
  "advmean_mean": 0.0002519385507819463,
  "advstd_last": 0.00035147482,
  "advstd_max": 0.09160532,
  "advstd_mean": 0.001686158796979866,
  "best_ret_last": 100.0,
  "best_ret_max": 100.0,
  "best_ret_mean": 23.80952380952381,
  "epcount_last": 1115.0,
  "epcount_max": 1115.0,
  "epcount_mean": 552.6912751677852,
  "eprew_last": 0.0,
  "eprew_max": 2.0,
  "eprew_mean": 0.16326530612244897,
  "ev_ext_last": 0.6692782938480377,
  "ev_ext_max": 0.794237956404686,
  "ev_ext_mean": -0.2781013613379242,
  "ev_int_last": 0.6766026318073273,
  "ev_int_max": 0.745229572057724,
  "ev_int_mean": 0.49709309867564466,
  "mem_available_last": 826566135808.0,
  "mem_available_max": 931725611008.0,
  "mem_available_mean": 852510408071.7316,
  "n_rooms_last": 1.0,
  "n_rooms_max": 1.0,
  "n_rooms_mean": 0.9865771812080537,
  "n_updates_last": 149.0,
  "n_updates_max": 149.0,
  "n_updates_mean": 75.0,
  "opt_approxkl_last": 3.773182e-05,
  "opt_approxkl_max": 0.03156738,
  "opt_approxkl_mean": 0.001342418979557047,
  "opt_auxloss_last": 0.034828752,
  "opt_auxloss_max": 0.4436261,
  "opt_auxloss_mean": 0.08044206783892617,
  "opt_clipfrac_last": 0.0,
  "opt_clipfrac_max": 0.7626953,
  "opt_clipfrac_mean": 0.040071832751677854,
  "opt_ent_last": 2.8903043,
  "opt_ent_max": 2.8903043,
  "opt_ent_mean": 2.887528432885906,
  "opt_featvar_last": 0.3285508,
  "opt_featvar_max": 0.4145967,
  "opt_featvar_mean": 0.323701053557047,
  "opt_gradnorm_last": 0.032672666,
  "opt_gradnorm_max": 4.2918034,
  "opt_gradnorm_mean": 0.26473823491275167,
  "opt_maxfeat_last": 4.442404,
  "opt_maxfeat_max": 4.7453065,
  "opt_maxfeat_mean": 4.168266288590604,
  "opt_maxkl_last": 0.00040708593,
  "opt_maxkl_max": 0.14207232,
  "opt_maxkl_mean": 0.006607549456442953,
  "opt_pg_last": -1.7839111e-05,
  "opt_pg_max": 0.0010466492,
  "opt_pg_mean": -0.0001546913419818792,
  "opt_tot_last": 0.032675557,
  "opt_tot_max": 0.5542902,
  "opt_tot_mean": 0.0802207000067114,
  "opt_vf_last": 0.00075494713,
  "opt_vf_max": 0.11404029,
  "opt_vf_mean": 0.0028208516704026844,
  "reset_counter_last": 0.0,
  "reset_counter_max": 0.0,
  "reset_counter_mean": 0.0,
  "retextmean_last": 2.9234252e-06,
  "retextmean_max": 0.002923961,
  "retextmean_mean": -0.0002898520405201342,
  "retextstd_last": 0.0003055856,
  "retextstd_max": 0.046354562,
  "retextstd_mean": 0.0008734947403355707,
  "retintmean_last": 0.4362417,
  "retintmean_max": 1.9037154,
  "retintmean_mean": 0.7524791595973154,
  "retintstd_last": 0.07813725,
  "retintstd_max": 0.2798539,
  "retintstd_mean": 0.08629535824832214,
  "rewintmax_norm_last": 0.028905692,
  "rewintmax_norm_max": 0.112127766,
  "rewintmax_norm_mean": 0.0360285420738255,
  "rewintmax_unnorm_last": 0.24538288,
  "rewintmax_unnorm_max": 1.9010427,
  "rewintmax_unnorm_mean": 0.3949332062416107,
  "rewintmean_norm_last": 0.0043700086,
  "rewintmean_norm_max": 0.04561875,
  "rewintmean_norm_mean": 0.007704515311409396,
  "rewintmean_unnorm_last": 0.037097376,
  "rewintmean_unnorm_max": 0.83201075,
  "rewintmean_unnorm_mean": 0.08855553917449666,
  "rewintstd_unnorm_last": 0.029976446,
  "rewintstd_unnorm_max": 0.41286498,
  "rewintstd_unnorm_mean": 0.05732608979865773,
  "tcount_last": 600457.0,
  "tcount_max": 600457.0,
  "tcount_mean": 296509.4832214765,
  "time_elapsed_last": 20911.699342012405,
  "time_elapsed_max": 20911.699342012405,
  "time_elapsed_mean": 10374.504283348186,
  "tps_last": 31.363588152664512,
  "tps_max": 55.164226804121725,
  "tps_mean": 29.829011604890514,
  "vpredextmean_last": -1.6848298e-05,
  "vpredextmean_max": 0.0028309037,
  "vpredextmean_mean": -0.0004158213163221476,
  "vpredextstd_last": 0.00039084136,
  "vpredextstd_max": 0.0056558144,
  "vpredextstd_mean": 0.0003396855574496644,
  "vpredintmean_last": 0.43782365,
  "vpredintmean_max": 1.904418,
  "vpredintmean_mean": 0.7495150174389261,
  "vpredintstd_last": 0.059405852,
  "vpredintstd_max": 0.08353704,
  "vpredintstd_mean": 0.05175136722120806,
  "wait_step_last": 127.04600358009338,
  "wait_step_max": 206.58337426185608,
  "wait_step_mean": 139.63583611641954,
  "wait_update_last": 102.18870759010316,
  "wait_update_max": 144.44726657867432,
  "wait_update_mean": 113.45518948567793,
  "eplen_last": 593.89,
  "eplen_max": 616.93,
  "eplen_mean": 532.606046346232,
  "eprooms_last": 1.0,
  "eprooms_max": 1.0,
  "eprooms_mean": 1.0,
  "rewtotal_last": 200.0,
  "rewtotal_max": 200.0,
  "rewtotal_mean": 44.21768707482993,
  "best_return": 100.0,
  "n_rooms": 1.0,
  "time_elapsed": 20911.699342012405,
  "updates": 149.0,
  "eprew": 0.0,
  "retextmean": 2.9234252e-06,
  "retintmean": 0.4362417,
  "opt_auxloss": 0.034828752,
  "best_return_log": 100.0,
  "n_rooms_log": 1.0,
  "eprew_log": 0.0
}