{
  "method": "rnd_classic",
  "seed": 4,
  "run_dir": "/workspace/RND_FINAL_REPORT_EXPORT/rnd_multiseed/rnd_classic/seed_4",
  "advmean_last": -0.00051950006,
  "advmean_max": 0.64420915,
  "advmean_mean": 0.002281667477097143,
  "advstd_last": 0.024074968,
  "advstd_max": 0.26581156,
  "advstd_mean": 0.03787799306285714,
  "best_ret_last": 0.0,
  "best_ret_max": 0.0,
  "best_ret_mean": 0.0,
  "epcount_last": 1992.0,
  "epcount_max": 1992.0,
  "epcount_mean": 986.0171428571429,
  "eprew_last": 0.0,
  "eprew_max": 0.0,
  "eprew_mean": 0.0,
  "ev_ext_last": -1.0,
  "ev_ext_max": 0.1360673308372497,
  "ev_ext_mean": -0.6670262956619263,
  "ev_int_last": 0.5689201354980469,
  "ev_int_max": 0.6356774270534515,
  "ev_int_mean": 0.36338153379304067,
  "mem_available_last": 838406807552.0,
  "mem_available_max": 913575825408.0,
  "mem_available_mean": 826893497771.1543,
  "n_rooms_last": 1.0,
  "n_rooms_max": 1.0,
  "n_rooms_mean": 0.9942857142857143,
  "n_updates_last": 175.0,
  "n_updates_max": 175.0,
  "n_updates_mean": 88.0,
  "opt_approxkl_last": 0.0009766908,
  "opt_approxkl_max": 0.0054775667,
  "opt_approxkl_mean": 0.0013389145065142857,
  "opt_auxloss_last": 0.032765333,
  "opt_auxloss_max": 0.45572785,
  "opt_auxloss_mean": 0.07903741305142857,
  "opt_clipfrac_last": 0.0,
  "opt_clipfrac_max": 0.2783203,
  "opt_clipfrac_mean": 0.05407924105714285,
  "opt_ent_last": 2.8048635,
  "opt_ent_max": 2.8867698,
  "opt_ent_mean": 2.799685984571429,
  "opt_featvar_last": 0.3727324,
  "opt_featvar_max": 0.4109834,
  "opt_featvar_mean": 0.3735615704571428,
  "opt_gradnorm_last": 0.12784022,
  "opt_gradnorm_max": 3.846332,
  "opt_gradnorm_mean": 0.21990961534285713,
  "opt_maxfeat_last": 4.7680073,
  "opt_maxfeat_max": 4.886947,
  "opt_maxfeat_mean": 4.105856490857143,
  "opt_maxkl_last": 0.0038881141,
  "opt_maxkl_max": 0.07379588,
  "opt_maxkl_mean": 0.006102903374285716,
  "opt_pg_last": 0.004284354,
  "opt_pg_max": 0.06119269,
  "opt_pg_mean": -0.0025558448839662867,
  "opt_tot_last": 0.034541164,
  "opt_tot_max": 0.22301392,
  "opt_tot_mean": 0.07540846220571429,
  "opt_vf_last": 0.00029634178,
  "opt_vf_max": 0.11906153,
  "opt_vf_mean": 0.0017265800534285716,
  "reset_counter_last": 0.0,
  "reset_counter_max": 0.0,
  "reset_counter_mean": 0.0,
  "retextmean_last": 2.368183e-05,
  "retextmean_max": 0.0016444211,
  "retextmean_mean": -0.00015843703058857143,
  "retextstd_last": 5.5142358e-05,
  "retextstd_max": 0.0004996742,
  "retextstd_mean": 0.00010944488201142858,
  "retintmean_last": 0.45827287,
  "retintmean_max": 1.8175482,
  "retintmean_mean": 0.7433003027428572,
  "retintstd_last": 0.03662462,
  "retintstd_max": 0.2657741,
  "retintstd_mean": 0.04607651441714285,
  "rewintmax_norm_last": 0.019275893,
  "rewintmax_norm_max": 0.1051083,
  "rewintmax_norm_mean": 0.030855159777142854,
  "rewintmax_unnorm_last": 0.15907374,
  "rewintmax_unnorm_max": 2.0971336,
  "rewintmax_unnorm_mean": 0.33518232377142854,
  "rewintmean_norm_last": 0.0044371337,
  "rewintmean_norm_max": 0.044765003,
  "rewintmean_norm_mean": 0.0075621808714285725,
  "rewintmean_unnorm_last": 0.036617316,
  "rewintmean_unnorm_max": 0.89315677,
  "rewintmean_unnorm_mean": 0.08592990584,
  "rewintstd_unnorm_last": 0.021542769,
  "rewintstd_unnorm_max": 0.4094592,
  "rewintstd_unnorm_mean": 0.045936245628571425,
  "tcount_last": 709841.0,
  "tcount_max": 709841.0,
  "tcount_mean": 354028.66285714286,
  "time_elapsed_last": 24858.773704767227,
  "time_elapsed_max": 24858.773704767227,
  "time_elapsed_mean": 12582.88777125631,
  "tps_last": 29.08922741105747,
  "tps_max": 42.88067077820551,
  "tps_mean": 29.100041723389737,
  "vpredextmean_last": 3.0645388e-05,
  "vpredextmean_max": 0.0020287056,
  "vpredextmean_mean": -0.00018994990602057139,
  "vpredextstd_last": 0.00012868375,
  "vpredextstd_max": 0.0002710113,
  "vpredextstd_mean": 0.00013137402643428572,
  "vpredintmean_last": 0.45877844,
  "vpredintmean_max": 1.8185023,
  "vpredintmean_mean": 0.7410816651097142,
  "vpredintstd_last": 0.031570863,
  "vpredintstd_max": 0.033918172,
  "vpredintstd_mean": 0.020319063670114282,
  "wait_step_last": 140.7115421295166,
  "wait_step_max": 165.4092447757721,
  "wait_step_mean": 141.4033805002485,
  "wait_update_last": 115.0131847858429,
  "wait_update_max": 142.04626035690308,
  "wait_update_mean": 119.8416804259164,
  "eplen_last": 361.78,
  "eplen_max": 451.6744186046512,
  "eplen_mean": 356.80204306585557,
  "eprooms_last": 1.0,
  "eprooms_max": 1.0,
  "eprooms_mean": 1.0,
  "rewtotal_last": 0.0,
  "rewtotal_max": 0.0,
  "rewtotal_mean": 0.0,
  "best_return": 0.0,
  "n_rooms": 1.0,
  "time_elapsed": 24858.773704767227,
  "updates": 175.0,
  "eprew": 0.0,
  "retextmean": 2.368183e-05,
  "retintmean": 0.45827287,
  "opt_auxloss": 0.032765333,
  "best_return_log": 0.0,
  "n_rooms_log": 1.0,
  "eprew_log": 0.0
}