{
  "method": "rnd_classic",
  "seed": 3,
  "run_dir": "/workspace/RND_FINAL_REPORT_EXPORT/rnd_multiseed/rnd_classic/seed_3",
  "advmean_last": -0.0010387965,
  "advmean_max": 0.65274674,
  "advmean_mean": 0.002082344474265537,
  "advstd_last": 0.027141418,
  "advstd_max": 0.27984887,
  "advstd_mean": 0.042003595451977405,
  "best_ret_last": 100.0,
  "best_ret_max": 100.0,
  "best_ret_mean": 92.61363636363636,
  "epcount_last": 2016.0,
  "epcount_max": 2016.0,
  "epcount_mean": 983.0225988700565,
  "eprew_last": 0.0,
  "eprew_max": 1.0,
  "eprew_mean": 0.05113636363636364,
  "ev_ext_last": -1.0,
  "ev_ext_max": 0.8853737860918045,
  "ev_ext_mean": -0.5041833813749464,
  "ev_int_last": 0.6043855547904968,
  "ev_int_max": 0.6412223875522614,
  "ev_int_mean": 0.35863276221657875,
  "mem_available_last": 839743393792.0,
  "mem_available_max": 912626532352.0,
  "mem_available_mean": 826382401281.4463,
  "n_rooms_last": 1.0,
  "n_rooms_max": 1.0,
  "n_rooms_mean": 0.9943502824858758,
  "n_updates_last": 177.0,
  "n_updates_max": 177.0,
  "n_updates_mean": 89.0,
  "opt_approxkl_last": 0.0021492122,
  "opt_approxkl_max": 0.0031718544,
  "opt_approxkl_mean": 0.0014253764980225992,
  "opt_auxloss_last": 0.032524798,
  "opt_auxloss_max": 0.4436261,
  "opt_auxloss_mean": 0.07914993915819209,
  "opt_clipfrac_last": 0.119140625,
  "opt_clipfrac_max": 0.3515625,
  "opt_clipfrac_mean": 0.07708222960734464,
  "opt_ent_last": 2.7885787,
  "opt_ent_max": 2.8877335,
  "opt_ent_mean": 2.805923848587571,
  "opt_featvar_last": 0.40544525,
  "opt_featvar_max": 0.44707808,
  "opt_featvar_mean": 0.39786919322033903,
  "opt_gradnorm_last": 0.19518349,
  "opt_gradnorm_max": 4.3158464,
  "opt_gradnorm_mean": 0.23433934988135594,
  "opt_maxfeat_last": 4.598374,
  "opt_maxfeat_max": 4.7310724,
  "opt_maxfeat_mean": 4.253000950847458,
  "opt_maxkl_last": 0.0077245343,
  "opt_maxkl_max": 0.012644885,
  "opt_maxkl_mean": 0.005660210814124294,
  "opt_pg_last": 0.00606482,
  "opt_pg_max": 0.060495332,
  "opt_pg_mean": -0.0017261260984745776,
  "opt_tot_last": 0.036125153,
  "opt_tot_max": 0.22636777,
  "opt_tot_mean": 0.07652953857062146,
  "opt_vf_last": 0.00032411463,
  "opt_vf_max": 0.1140799,
  "opt_vf_mean": 0.0019116496232768362,
  "reset_counter_last": 0.0,
  "reset_counter_max": 0.0,
  "reset_counter_mean": 0.0,
  "retextmean_last": 3.8305137e-05,
  "retextmean_max": 0.005211509,
  "retextmean_mean": 0.0003518737032764407,
  "retextstd_last": 3.931873e-05,
  "retextstd_max": 0.045777734,
  "retextstd_mean": 0.0003850706564971752,
  "retintmean_last": 0.47236064,
  "retintmean_max": 1.9196215,
  "retintmean_mean": 0.7910629286440678,
  "retintstd_last": 0.04313417,
  "retintstd_max": 0.2798539,
  "retintstd_mean": 0.05033300216384181,
  "rewintmax_norm_last": 0.016880421,
  "rewintmax_norm_max": 0.10423325,
  "rewintmax_norm_mean": 0.032404289949152544,
  "rewintmax_unnorm_last": 0.13387804,
  "rewintmax_unnorm_max": 1.9010427,
  "rewintmax_unnorm_mean": 0.3368951903954802,
  "rewintmean_norm_last": 0.0046838108,
  "rewintmean_norm_max": 0.04561875,
  "rewintmean_norm_mean": 0.00803895605762712,
  "rewintmean_unnorm_last": 0.037147142,
  "rewintmean_unnorm_max": 0.83201075,
  "rewintmean_unnorm_mean": 0.08624680509604521,
  "rewintstd_unnorm_last": 0.023323672,
  "rewintstd_unnorm_max": 0.41286498,
  "rewintstd_unnorm_mean": 0.04788737831073446,
  "tcount_last": 719010.0,
  "tcount_max": 719010.0,
  "tcount_mean": 358065.50282485876,
  "time_elapsed_last": 24939.896079540253,
  "time_elapsed_max": 24939.896079540253,
  "time_elapsed_mean": 12631.220429304629,
  "tps_last": 27.58560789173795,
  "tps_max": 43.992231885752034,
  "tps_mean": 29.350271374880446,
  "vpredextmean_last": 3.8173337e-05,
  "vpredextmean_max": 0.006283435,
  "vpredextmean_mean": 0.0004039574839141808,
  "vpredextstd_last": 9.023415e-05,
  "vpredextstd_max": 0.00049130927,
  "vpredextstd_mean": 0.00014241025036158193,
  "vpredintmean_last": 0.4733997,
  "vpredintmean_max": 1.9275043,
  "vpredintmean_mean": 0.7888764164881356,
  "vpredintstd_last": 0.03220855,
  "vpredintstd_max": 0.03572341,
  "vpredintstd_mean": 0.02153729777661017,
  "wait_step_last": 148.55856156349182,
  "wait_step_max": 165.3938615322113,
  "wait_step_mean": 140.24795112232704,
  "wait_update_last": 124.27369785308838,
  "wait_update_max": 141.07945728302002,
  "wait_update_mean": 117.19141927142601,
  "eplen_last": 349.63,
  "eplen_max": 482.7627118644068,
  "eplen_mean": 358.9452461632969,
  "eprooms_last": 1.0,
  "eprooms_max": 1.0,
  "eprooms_mean": 1.0,
  "rewtotal_last": 100.0,
  "rewtotal_max": 100.0,
  "rewtotal_mean": 92.61363636363636,
  "best_return": 100.0,
  "n_rooms": 1.0,
  "time_elapsed": 24939.896079540253,
  "updates": 177.0,
  "eprew": 0.0,
  "retextmean": 3.8305137e-05,
  "retintmean": 0.47236064,
  "opt_auxloss": 0.032524798,
  "best_return_log": 100.0,
  "n_rooms_log": 1.0,
  "eprew_log": 0.0
}