{
  "method": "rnd_classic",
  "seed": 0,
  "run_dir": "/workspace/RND_FINAL_REPORT_EXPORT/rnd_multiseed/rnd_classic/seed_0",
  "advmean_last": 0.0044123563,
  "advmean_max": 0.6187241,
  "advmean_mean": 0.000649106357398877,
  "advstd_last": 0.024703695,
  "advstd_max": 0.27607203,
  "advstd_mean": 0.036299011252808995,
  "best_ret_last": 0.0,
  "best_ret_max": 0.0,
  "best_ret_mean": 0.0,
  "epcount_last": 2038.0,
  "epcount_max": 2038.0,
  "epcount_mean": 1000.3033707865169,
  "eprew_last": 0.0,
  "eprew_max": 0.0,
  "eprew_mean": 0.0,
  "ev_ext_last": -0.9460166692733764,
  "ev_ext_max": 0.724109411239624,
  "ev_ext_mean": -0.4907449823751878,
  "ev_int_last": 0.5717039406299591,
  "ev_int_max": 0.6184113025665283,
  "ev_int_mean": 0.38884731490960284,
  "mem_available_last": 838503452672.0,
  "mem_available_max": 912839593984.0,
  "mem_available_mean": 826861303877.0337,
  "n_rooms_last": 1.0,
  "n_rooms_max": 1.0,
  "n_rooms_mean": 0.9887640449438202,
  "n_updates_last": 178.0,
  "n_updates_max": 178.0,
  "n_updates_mean": 89.5,
  "opt_approxkl_last": 0.0018632724,
  "opt_approxkl_max": 0.004361208,
  "opt_approxkl_mean": 0.0012796507118539328,
  "opt_auxloss_last": 0.04506854,
  "opt_auxloss_max": 0.45025906,
  "opt_auxloss_mean": 0.08967857669662922,
  "opt_clipfrac_last": 0.07324219,
  "opt_clipfrac_max": 0.4345703,
  "opt_clipfrac_mean": 0.045399183502809,
  "opt_ent_last": 2.8000886,
  "opt_ent_max": 2.8860335,
  "opt_ent_mean": 2.808606456741573,
  "opt_featvar_last": 0.4763863,
  "opt_featvar_max": 0.50126624,
  "opt_featvar_mean": 0.4528783153370787,
  "opt_gradnorm_last": 0.16287675,
  "opt_gradnorm_max": 2.7989604,
  "opt_gradnorm_mean": 0.20062495769662922,
  "opt_maxfeat_last": 4.092157,
  "opt_maxfeat_max": 4.9394026,
  "opt_maxfeat_mean": 4.292525538202248,
  "opt_maxkl_last": 0.011700652,
  "opt_maxkl_max": 0.016697863,
  "opt_maxkl_mean": 0.005508426833426966,
  "opt_pg_last": -0.010021458,
  "opt_pg_max": 0.050964493,
  "opt_pg_mean": -0.0011758534947752814,
  "opt_tot_last": 0.032664824,
  "opt_tot_max": 0.25362858,
  "opt_tot_mean": 0.08709658963483145,
  "opt_vf_last": 0.0004178313,
  "opt_vf_max": 0.072517045,
  "opt_vf_mean": 0.0014024734441573034,
  "reset_counter_last": 0.0,
  "reset_counter_max": 0.0,
  "reset_counter_mean": 0.0,
  "retextmean_last": -0.00036560185,
  "retextmean_max": 0.0017088294,
  "retextmean_mean": -7.015653050224719e-05,
  "retextstd_last": 9.928237e-05,
  "retextstd_max": 0.00034383583,
  "retextstd_mean": 0.00012578621025842698,
  "retintmean_last": 0.42968634,
  "retintmean_max": 1.8344707,
  "retintmean_mean": 0.732180630505618,
  "retintstd_last": 0.037787437,
  "retintstd_max": 0.27600715,
  "retintstd_mean": 0.04465570484269663,
  "rewintmax_norm_last": 0.025693344,
  "rewintmax_norm_max": 0.10466055,
  "rewintmax_norm_mean": 0.030229182117977527,
  "rewintmax_unnorm_last": 0.24585962,
  "rewintmax_unnorm_max": 2.4756827,
  "rewintmax_unnorm_mean": 0.3830039330337079,
  "rewintmean_norm_last": 0.004511272,
  "rewintmean_norm_max": 0.04288064,
  "rewintmean_norm_mean": 0.007356496319662922,
  "rewintmean_unnorm_last": 0.043168366,
  "rewintmean_unnorm_max": 1.0143158,
  "rewintmean_unnorm_mean": 0.09724461918539326,
  "rewintstd_unnorm_last": 0.026570808,
  "rewintstd_unnorm_max": 0.49208102,
  "rewintstd_unnorm_mean": 0.05184987143820224,
  "tcount_last": 724103.0,
  "tcount_max": 724103.0,
  "tcount_mean": 360170.2078651685,
  "time_elapsed_last": 24911.62737774849,
  "time_elapsed_max": 24911.62737774849,
  "time_elapsed_mean": 12562.336143975846,
  "tps_last": 27.55026468845729,
  "tps_max": 43.34293729986158,
  "tps_mean": 29.553789468086762,
  "vpredextmean_last": -0.00044855458,
  "vpredextmean_max": 0.0021051657,
  "vpredextmean_mean": -8.131639035264043e-05,
  "vpredextstd_last": 0.00014026611,
  "vpredextstd_max": 0.00044857428,
  "vpredextstd_mean": 0.00017219561296629213,
  "vpredintmean_last": 0.4254399,
  "vpredintmean_max": 1.835074,
  "vpredintmean_mean": 0.7315538394707867,
  "vpredintstd_last": 0.02652173,
  "vpredintstd_max": 0.034909245,
  "vpredintstd_mean": 0.020942808411404494,
  "wait_step_last": 148.58305430412292,
  "wait_step_max": 152.32313704490662,
  "wait_step_mean": 139.31156914957452,
  "wait_update_last": 119.80478072166444,
  "wait_update_max": 137.58561849594116,
  "wait_update_mean": 115.33665498187032,
  "eplen_last": 354.39,
  "eplen_max": 465.61538461538464,
  "eplen_mean": 357.9743281460976,
  "eprooms_last": 1.0,
  "eprooms_max": 1.0,
  "eprooms_mean": 1.0,
  "rewtotal_last": 0.0,
  "rewtotal_max": 0.0,
  "rewtotal_mean": 0.0,
  "best_return": 0.0,
  "n_rooms": 1.0,
  "time_elapsed": 24911.62737774849,
  "updates": 178.0,
  "eprew": 0.0,
  "retextmean": -0.00036560185,
  "retintmean": 0.42968634,
  "opt_auxloss": 0.04506854,
  "best_return_log": 0.0,
  "n_rooms_log": 1.0,
  "eprew_log": 0.0
}