{
  "method": "ppo_baseline",
  "seed": 4,
  "run_dir": "/workspace/RND_FINAL_REPORT_EXPORT/rnd_multiseed/ppo_baseline/seed_4",
  "advmean_last": -8.07833e-05,
  "advmean_max": 0.0086352015,
  "advmean_mean": -0.00018633840689396354,
  "advstd_last": 0.0004053202,
  "advstd_max": 0.091617055,
  "advstd_mean": 0.0018948063452317882,
  "best_ret_last": 100.0,
  "best_ret_max": 100.0,
  "best_ret_mean": 43.333333333333336,
  "epcount_last": 1095.0,
  "epcount_max": 1095.0,
  "epcount_mean": 552.8278145695364,
  "eprew_last": 0.0,
  "eprew_max": 1.0,
  "eprew_mean": 0.18666666666666668,
  "ev_ext_last": 0.3820515275001526,
  "ev_ext_max": 0.794959306716919,
  "ev_ext_mean": -0.1654663099753146,
  "ev_int_last": 0.6529636085033417,
  "ev_int_max": 0.7451425492763519,
  "ev_int_mean": 0.5412683299440422,
  "mem_available_last": 826275889152.0,
  "mem_available_max": 931248771072.0,
  "mem_available_mean": 851927038155.4437,
  "n_rooms_last": 1.0,
  "n_rooms_max": 1.0,
  "n_rooms_mean": 0.9933774834437086,
  "n_updates_last": 151.0,
  "n_updates_max": 151.0,
  "n_updates_mean": 76.0,
  "opt_approxkl_last": 1.6005479e-05,
  "opt_approxkl_max": 0.024330877,
  "opt_approxkl_mean": 0.0009855478576887417,
  "opt_auxloss_last": 0.033306025,
  "opt_auxloss_max": 0.45572785,
  "opt_auxloss_mean": 0.08038325990728477,
  "opt_clipfrac_last": 0.0,
  "opt_clipfrac_max": 0.7685547,
  "opt_clipfrac_mean": 0.03436723912913907,
  "opt_ent_last": 2.8901966,
  "opt_ent_max": 2.890307,
  "opt_ent_mean": 2.888209242384106,
  "opt_featvar_last": 0.2962752,
  "opt_featvar_max": 0.4064768,
  "opt_featvar_mean": 0.30800712556291393,
  "opt_gradnorm_last": 0.109779365,
  "opt_gradnorm_max": 3.8158667,
  "opt_gradnorm_mean": 0.27536256771523177,
  "opt_maxfeat_last": 3.922542,
  "opt_maxfeat_max": 4.995566,
  "opt_maxfeat_mean": 4.037032529139074,
  "opt_maxkl_last": 0.0001364871,
  "opt_maxkl_max": 0.092493296,
  "opt_maxkl_mean": 0.004380887014185431,
  "opt_pg_last": 0.0001074402,
  "opt_pg_max": 0.009888753,
  "opt_pg_mean": 7.008996925827816e-05,
  "opt_tot_last": 0.031596653,
  "opt_tot_max": 0.57213694,
  "opt_tot_mean": 0.08046444814569537,
  "opt_vf_last": 0.0010733855,
  "opt_vf_max": 0.119057715,
  "opt_vf_mean": 0.0028993079307284768,
  "reset_counter_last": 0.0,
  "reset_counter_max": 0.0,
  "reset_counter_mean": 0.0,
  "retextmean_last": 0.00025946135,
  "retextmean_max": 0.02346521,
  "retextmean_mean": 0.0007991748807765565,
  "retextstd_last": 0.00025780546,
  "retextstd_max": 0.0457908,
  "retextstd_mean": 0.0009645883685099338,
  "retintmean_last": 0.4032338,
  "retintmean_max": 1.7142844,
  "retintmean_mean": 0.717293706754967,
  "retintstd_last": 0.07346773,
  "retintstd_max": 0.2657741,
  "retintstd_mean": 0.08833502756953643,
  "rewintmax_norm_last": 0.017969554,
  "rewintmax_norm_max": 0.1051083,
  "rewintmax_norm_mean": 0.03468587836423841,
  "rewintmax_unnorm_last": 0.15481077,
  "rewintmax_unnorm_max": 2.0971336,
  "rewintmax_unnorm_mean": 0.39081105649006626,
  "rewintmean_norm_last": 0.0040036263,
  "rewintmean_norm_max": 0.044765003,
  "rewintmean_norm_mean": 0.007341753213245034,
  "rewintmean_unnorm_last": 0.034491926,
  "rewintmean_unnorm_max": 0.89315677,
  "rewintmean_unnorm_mean": 0.08741956966225166,
  "rewintstd_unnorm_last": 0.02633965,
  "rewintstd_unnorm_max": 0.4094592,
  "rewintstd_unnorm_mean": 0.05560489658278145,
  "tcount_last": 606574.0,
  "tcount_max": 606574.0,
  "tcount_mean": 300142.11258278147,
  "time_elapsed_last": 20927.115872621536,
  "time_elapsed_max": 20927.115872621536,
  "time_elapsed_mean": 10346.788852409021,
  "tps_last": 31.79944362433153,
  "tps_max": 52.38088287375883,
  "tps_mean": 30.1856496422218,
  "vpredextmean_last": 0.00029985298,
  "vpredextmean_max": 0.028375026,
  "vpredextmean_mean": 0.0008923440715625363,
  "vpredextstd_last": 0.0003426579,
  "vpredextstd_max": 0.0044358424,
  "vpredextstd_mean": 0.000375578014397351,
  "vpredintmean_last": 0.40249196,
  "vpredintmean_max": 1.716281,
  "vpredintmean_mean": 0.7145160118158942,
  "vpredintstd_last": 0.06204569,
  "vpredintstd_max": 0.09762261,
  "vpredintstd_mean": 0.05759170426006621,
  "wait_step_last": 125.1353223323822,
  "wait_step_max": 198.232048034668,
  "wait_step_mean": 137.76217322633755,
  "wait_update_last": 100.99932813644408,
  "wait_update_max": 142.48918461799622,
  "wait_update_mean": 110.95004343197046,
  "eplen_last": 580.84,
  "eplen_max": 628.09,
  "eplen_mean": 547.0107846072415,
  "eprooms_last": 1.0,
  "eprooms_max": 1.0,
  "eprooms_mean": 1.0,
  "rewtotal_last": 200.0,
  "rewtotal_max": 200.0,
  "rewtotal_mean": 62.0,
  "best_return": 100.0,
  "n_rooms": 1.0,
  "time_elapsed": 20927.115872621536,
  "updates": 151.0,
  "eprew": 0.0,
  "retextmean": 0.00025946135,
  "retintmean": 0.4032338,
  "opt_auxloss": 0.033306025,
  "best_return_log": 100.0,
  "n_rooms_log": 1.0,
  "eprew_log": 0.0
}