{
  "method": "ppo_baseline",
  "seed": 0,
  "run_dir": "/workspace/RND_FINAL_REPORT_EXPORT/rnd_multiseed/ppo_baseline/seed_0",
  "advmean_last": -2.999874e-05,
  "advmean_max": 0.0009203054,
  "advmean_mean": 7.572134292483221e-05,
  "advstd_last": 0.00018658607,
  "advstd_max": 0.0008436331,
  "advstd_mean": 0.00031809244693959733,
  "best_ret_last": 0.0,
  "best_ret_max": 0.0,
  "best_ret_mean": 0.0,
  "epcount_last": 1109.0,
  "epcount_max": 1109.0,
  "epcount_mean": 550.8456375838927,
  "eprew_last": 0.0,
  "eprew_max": 0.0,
  "eprew_mean": 0.0,
  "ev_ext_last": -0.4229640960693359,
  "ev_ext_max": 0.626371830701828,
  "ev_ext_mean": -0.5012748163418482,
  "ev_int_last": 0.5897278487682343,
  "ev_int_max": 0.7544232755899429,
  "ev_int_mean": 0.55206253554597,
  "mem_available_last": 825857073152.0,
  "mem_available_max": 931720384512.0,
  "mem_available_mean": 852423934199.4094,
  "n_rooms_last": 1.0,
  "n_rooms_max": 1.0,
  "n_rooms_mean": 0.9865771812080537,
  "n_updates_last": 149.0,
  "n_updates_max": 149.0,
  "n_updates_mean": 75.0,
  "opt_approxkl_last": 0.0004115821,
  "opt_approxkl_max": 0.0028344197,
  "opt_approxkl_mean": 0.0010044401566442953,
  "opt_auxloss_last": 0.04483424,
  "opt_auxloss_max": 0.45025906,
  "opt_auxloss_mean": 0.09089547398657719,
  "opt_clipfrac_last": 0.0,
  "opt_clipfrac_max": 0.25976562,
  "opt_clipfrac_mean": 0.02600015734563758,
  "opt_ent_last": 2.8901548,
  "opt_ent_max": 2.8903017,
  "opt_ent_mean": 2.889876765100671,
  "opt_featvar_last": 0.39230755,
  "opt_featvar_max": 0.47408366,
  "opt_featvar_mean": 0.3616082222818792,
  "opt_gradnorm_last": 0.098321594,
  "opt_gradnorm_max": 2.7343292,
  "opt_gradnorm_mean": 0.2765340904832215,
  "opt_maxfeat_last": 4.2423105,
  "opt_maxfeat_max": 4.816793,
  "opt_maxfeat_mean": 4.261858429530201,
  "opt_maxkl_last": 0.0010664728,
  "opt_maxkl_max": 0.023004092,
  "opt_maxkl_mean": 0.004404186517449664,
  "opt_pg_last": 2.974304e-05,
  "opt_pg_max": 0.00050396286,
  "opt_pg_mean": -7.732233493187919e-05,
  "opt_tot_last": 0.04299366,
  "opt_tot_max": 0.5190818,
  "opt_tot_mean": 0.09029575079865772,
  "opt_vf_last": 0.0010198302,
  "opt_vf_max": 0.07260364,
  "opt_vf_mean": 0.002367475805704698,
  "reset_counter_last": 0.0,
  "reset_counter_max": 0.0,
  "reset_counter_mean": 0.0,
  "retextmean_last": 7.3699724e-05,
  "retextmean_max": 0.0012718957,
  "retextmean_mean": -0.0002149802762691275,
  "retextstd_last": 7.820819e-05,
  "retextstd_max": 0.00045990862,
  "retextstd_mean": 0.0001303900306577181,
  "retintmean_last": 0.4474906,
  "retintmean_max": 1.7294624,
  "retintmean_mean": 0.7132721176510067,
  "retintstd_last": 0.08068935,
  "retintstd_max": 0.27600715,
  "retintstd_mean": 0.08622437987919464,
  "rewintmax_norm_last": 0.03815368,
  "rewintmax_norm_max": 0.10466055,
  "rewintmax_norm_mean": 0.03518545879194632,
  "rewintmax_unnorm_last": 0.38222116,
  "rewintmax_unnorm_max": 2.4756827,
  "rewintmax_unnorm_mean": 0.46243862711409395,
  "rewintmean_norm_last": 0.00472734,
  "rewintmean_norm_max": 0.04288064,
  "rewintmean_norm_mean": 0.007203117765100672,
  "rewintmean_unnorm_last": 0.047358196,
  "rewintmean_unnorm_max": 1.0143158,
  "rewintmean_unnorm_mean": 0.10015765391946309,
  "rewintstd_unnorm_last": 0.041631997,
  "rewintstd_unnorm_max": 0.49208102,
  "rewintstd_unnorm_mean": 0.06382927622147652,
  "tcount_last": 598303.0,
  "tcount_max": 598303.0,
  "tcount_mean": 296719.40268456377,
  "time_elapsed_last": 20831.949122667316,
  "time_elapsed_max": 20831.949122667316,
  "time_elapsed_mean": 10368.014655826875,
  "tps_last": 34.59275586335065,
  "tps_max": 55.19557434531165,
  "tps_mean": 29.94814273131587,
  "vpredextmean_last": 8.869909e-05,
  "vpredextmean_max": 0.001509866,
  "vpredextmean_mean": -0.0002528409436449664,
  "vpredextstd_last": 0.00012385334,
  "vpredextstd_max": 0.00052989426,
  "vpredextstd_mean": 0.0001860323016845638,
  "vpredintmean_last": 0.44118685,
  "vpredintmean_max": 1.7322165,
  "vpredintmean_mean": 0.7121369483610738,
  "vpredintstd_last": 0.05818069,
  "vpredintstd_max": 0.092176385,
  "vpredintstd_mean": 0.05696540577134229,
  "wait_step_last": 118.31706309318542,
  "wait_step_max": 231.42036414146423,
  "wait_step_mean": 139.009642213783,
  "wait_update_last": 93.8153326511383,
  "wait_update_max": 142.43842887878418,
  "wait_update_mean": 111.38506953508262,
  "eplen_last": 566.85,
  "eplen_max": 601.85,
  "eplen_mean": 534.8332184395791,
  "eprooms_last": 1.0,
  "eprooms_max": 1.0,
  "eprooms_mean": 1.0,
  "rewtotal_last": 0.0,
  "rewtotal_max": 0.0,
  "rewtotal_mean": 0.0,
  "best_return": 0.0,
  "n_rooms": 1.0,
  "time_elapsed": 20831.949122667316,
  "updates": 149.0,
  "eprew": 0.0,
  "retextmean": 7.3699724e-05,
  "retintmean": 0.4474906,
  "opt_auxloss": 0.04483424,
  "best_return_log": 0.0,
  "n_rooms_log": 1.0,
  "eprew_log": 0.0
}