{
  "method": "rnd_decay",
  "seed": 2,
  "run_dir": "/workspace/RND_FINAL_REPORT_EXPORT/rnd_multiseed/rnd_decay/seed_2",
  "advmean_last": 0.0043173223,
  "advmean_max": 0.60794795,
  "advmean_mean": 0.0027440711719759034,
  "advstd_last": 0.026619228,
  "advstd_max": 0.2676451,
  "advstd_mean": 0.03432371551807229,
  "best_ret_last": 0.0,
  "best_ret_max": 0.0,
  "best_ret_mean": 0.0,
  "epcount_last": 1898.0,
  "epcount_max": 1898.0,
  "epcount_mean": 945.7469879518072,
  "eprew_last": 0.0,
  "eprew_max": 0.0,
  "eprew_mean": 0.0,
  "ev_ext_last": -0.080707311630249,
  "ev_ext_max": 0.9010719805955888,
  "ev_ext_mean": -0.1601847399878933,
  "ev_int_last": 0.5677275061607361,
  "ev_int_max": 0.616172194480896,
  "ev_int_mean": 0.32715325147272595,
  "int_coeff_effective_last": 1.0,
  "int_coeff_effective_max": 1.0,
  "int_coeff_effective_mean": 1.0,
  "mem_available_last": 842522865664.0,
  "mem_available_max": 930151579648.0,
  "mem_available_mean": 852615131259.3735,
  "n_rooms_last": 1.0,
  "n_rooms_max": 1.0,
  "n_rooms_mean": 0.9939759036144579,
  "n_updates_last": 166.0,
  "n_updates_max": 166.0,
  "n_updates_mean": 83.5,
  "opt_approxkl_last": 0.0026316072,
  "opt_approxkl_max": 0.004606573,
  "opt_approxkl_mean": 0.001287805291807229,
  "opt_auxloss_last": 0.044311352,
  "opt_auxloss_max": 0.5291606,
  "opt_auxloss_mean": 0.08326019068674699,
  "opt_clipfrac_last": 0.20117188,
  "opt_clipfrac_max": 0.37695312,
  "opt_clipfrac_mean": 0.05222844506024096,
  "opt_ent_last": 2.8269756,
  "opt_ent_max": 2.8869045,
  "opt_ent_mean": 2.8061135692771084,
  "opt_featvar_last": 0.42619622,
  "opt_featvar_max": 0.4622051,
  "opt_featvar_mean": 0.40573650656626514,
  "opt_gradnorm_last": 0.30003166,
  "opt_gradnorm_max": 4.2215586,
  "opt_gradnorm_mean": 0.2115322239879518,
  "opt_maxfeat_last": 4.380937,
  "opt_maxfeat_max": 5.267466,
  "opt_maxfeat_mean": 4.538445957228916,
  "opt_maxkl_last": 0.010566566,
  "opt_maxkl_max": 0.045818493,
  "opt_maxkl_mean": 0.005964048710843374,
  "opt_pg_last": -0.014210692,
  "opt_pg_max": 0.05779976,
  "opt_pg_mean": -0.0037547745486144575,
  "opt_tot_last": 0.027854042,
  "opt_tot_max": 0.23154756,
  "opt_tot_mean": 0.07834996562650602,
  "opt_vf_last": 0.00058035797,
  "opt_vf_max": 0.13805714,
  "opt_vf_mean": 0.0016506632105421685,
  "recent_ext_mean_last": 0.0,
  "recent_ext_mean_max": 0.0,
  "recent_ext_mean_mean": 0.0,
  "reset_counter_last": 0.0,
  "reset_counter_max": 0.0,
  "reset_counter_mean": 0.0,
  "retextmean_last": 0.00062196114,
  "retextmean_max": 0.0013924171,
  "retextmean_mean": -8.752845573915662e-05,
  "retextstd_last": 0.00010375057,
  "retextstd_max": 0.00030476102,
  "retextstd_mean": 0.00011732199433132531,
  "retintmean_last": 0.40362126,
  "retintmean_max": 1.8327249,
  "retintmean_mean": 0.6906618998795181,
  "retintstd_last": 0.040428523,
  "retintstd_max": 0.267572,
  "retintstd_mean": 0.04076303487951808,
  "rewintmax_norm_last": 0.01624683,
  "rewintmax_norm_max": 0.102686614,
  "rewintmax_norm_mean": 0.02909373081927711,
  "rewintmax_unnorm_last": 0.14837085,
  "rewintmax_unnorm_max": 2.4130666,
  "rewintmax_unnorm_mean": 0.353437714939759,
  "rewintmean_norm_last": 0.004301429,
  "rewintmean_norm_max": 0.042009167,
  "rewintmean_norm_mean": 0.007059417544578313,
  "rewintmean_unnorm_last": 0.03928192,
  "rewintmean_unnorm_max": 0.98718727,
  "rewintmean_unnorm_mean": 0.09009393013855423,
  "rewintstd_unnorm_last": 0.024188343,
  "rewintstd_unnorm_max": 0.5050407,
  "rewintstd_unnorm_mean": 0.04790567741566265,
  "rnd_decay_last": 1.0,
  "rnd_decay_max": 1.0,
  "rnd_decay_mean": 1.0,
  "tcount_last": 672900.0,
  "tcount_max": 672900.0,
  "tcount_mean": 335596.0722891566,
  "time_elapsed_last": 24897.72394990921,
  "time_elapsed_max": 24897.72394990921,
  "time_elapsed_mean": 12780.060661676418,
  "tps_last": 25.71960142877516,
  "tps_max": 36.64064739458017,
  "tps_mean": 27.56118538206268,
  "vpredextmean_last": 0.00075137906,
  "vpredextmean_max": 0.0016581649,
  "vpredextmean_mean": -0.00010714049114879517,
  "vpredextstd_last": 7.8871206e-05,
  "vpredextstd_max": 0.00063024485,
  "vpredextstd_mean": 0.0001324002138554217,
  "vpredintmean_last": 0.3990451,
  "vpredintmean_max": 1.8359661,
  "vpredintmean_mean": 0.6879570494925301,
  "vpredintstd_last": 0.024807457,
  "vpredintstd_max": 0.029614666,
  "vpredintstd_mean": 0.016705151028132532,
  "wait_step_last": 159.25017476081848,
  "wait_step_max": 186.1288750171661,
  "wait_step_mean": 149.53928007562476,
  "wait_update_last": 140.6456115245819,
  "wait_update_max": 156.6115427017212,
  "wait_update_mean": 128.00339809383254,
  "eplen_last": 367.79,
  "eplen_max": 429.6,
  "eplen_mean": 354.3557648842946,
  "eprooms_last": 1.0,
  "eprooms_max": 1.0,
  "eprooms_mean": 1.0,
  "rewtotal_last": 0.0,
  "rewtotal_max": 0.0,
  "rewtotal_mean": 0.0,
  "best_return": 0.0,
  "n_rooms": 1.0,
  "time_elapsed": 24897.72394990921,
  "updates": 166.0,
  "eprew": 0.0,
  "retextmean": 0.00062196114,
  "retintmean": 0.40362126,
  "opt_auxloss": 0.044311352,
  "rnd_decay": 1.0,
  "int_coeff_effective": 1.0,
  "recent_ext_mean": 0.0,
  "best_return_log": 0.0,
  "n_rooms_log": 1.0,
  "eprew_log": 0.0
}